timestamp,label,a_0,a_1,a_2,a_3,a_4,a_5,a_6,a_7,a_8,a_9,a_10,a_11,a_12,a_13,a_14,a_15,a_16,a_17,a_18,a_19,a_20,a_21,a_22,a_23,a_24,a_25,a_26,a_27,a_28,a_29,a_30,a_31,a_32,a_33,a_34,a_35,a_36,a_37,a_38,a_39,a_40,a_41,a_42,a_43,a_44,a_45,a_46,a_47,a_48,a_49,a_50,a_51,a_52,a_53,a_54,a_55,a_56,a_57,a_58,a_59,a_60,a_61,a_62,a_63,a_64,a_65,a_66,a_67,a_68,a_69,a_70,a_71,a_72,a_73,a_74,a_75,a_76,a_77,a_78,a_79,a_80,a_81,a_82,a_83,a_84,a_85,a_86,a_87,a_88,a_89,a_90,a_91,a_92,a_93,a_94,a_95,a_96,a_97,a_98,a_99,a_100,a_101,a_102,a_103,a_104,a_105,a_106,a_107,a_108,a_109,a_110,a_111,a_112,a_113,a_114,a_115,a_116,a_117,a_118,a_119,a_120,a_121,a_122,a_123,a_124,a_125,a_126,a_127,a_128,a_129,a_130,a_131,a_132,a_133,a_134,a_135,a_136,a_137,a_138,a_139,a_140,a_141,a_142,a_143,a_144,a_145,a_146,a_147,a_148,a_149,a_150,a_151,a_152,a_153,a_154,a_155,a_156,a_157,a_158,a_159,a_160,a_161,a_162,a_163,a_164,a_165,a_166,a_167,a_168,a_169,a_170,a_171,a_172,a_173,a_174,a_175,a_176,a_177,a_178,a_179,a_180,a_181,a_182,a_183,a_184,a_185,a_186,a_187,a_188,a_189,a_190,a_191,a_192,a_193,a_194,a_195,a_196,a_197,a_198,a_199,a_200,a_201,a_202,a_203,a_204,a_205,a_206,a_207,a_208,a_209,a_210,a_211,a_212,a_213,a_214,a_215,a_216,a_217,a_218,a_219,a_220,a_221,a_222,a_223,a_224,a_225,a_226,a_227
20260527_190132,Class A,0.5032207941183802,0.5091168329561993,0.5148458154990037,0.5218551971795714,0.5316401477375411,0.5394658468860312,0.5405355564507395,0.5456409017617122,0.5483494522551822,0.5493934685891966,0.5517740059484626,0.557409940955996,0.5631053094486085,0.5715942776582397,0.5787543141246443,0.5831442534452042,0.5864223004213589,0.5881357531696113,0.5844615195875007,0.5858148687491256,0.5856126707451981,0.5838720242826689,0.5819192368248135,0.582524336189826,0.5788122397556517,0.578261392360862,0.5771833680934578,0.5735503651261684,0.5718332295610442,0.5695060354540538,0.5666432472207094,0.5653000326445249,0.5631804972327115,0.5608548380175333,0.5582302001939099,0.5571247481292338,0.5568767764832193,0.5565708431163388,0.5532992247143219,0.5539031684316764,0.5517939675343404,0.5516698701673757,0.5511507253526546,0.5502572732443505,0.552505165742897,0.5517884601564743,0.5521684528844595,0.5542322480023901,0.5562318539112406,0.5604403604381454,0.5625879427723005,0.5660685032027226,0.5706786575577565,0.5734811250366376,0.5766871735011014,0.5811924594163025,0.5849570602289906,0.5913837652123883,0.6014519663858717,0.6142557540941408,0.6308794774187417,0.6495922991995158,0.6699250513763784,0.6878307842505129,0.7041611795232106,0.7218518260099206,0.7308324242051539,0.7376096249221576,0.744306441684076,0.747244763545539,0.7497991985359591,0.7547852152067851,0.7547930164296036,0.7578269227977882,0.7619016286997405,0.7632422414937358,0.7629919619114811,0.7626379765117359,0.7621248319966903,0.7595783041633766,0.7590368024241007,0.7563208126915477,0.7530810963647514,0.7502761482141838,0.7454723519005242,0.7457729614584045,0.7416306803904316,0.7378342177428582,0.7368710489335841,0.733493136602473,0.7319410192214889,0.7307269373206665,0.7305306170075255,0.72969296080091,0.7317289940273898,0.7334213008189195,0.7337634848874562,0.7350656023110508,0.7373034226468798,0.737062695114296,0.7399428868262938,0.7435241563186787,0.7465143907084558,0.7515238125228481,0.7599281007195954,0.7652777913482048,0.777585361891697,0.7874755569606459,0.7973735778087725,0.809948499920147,0.8214036465315093,0.8346732569717638,0.8500166953372557,0.8660236704962594,0.8804046866246624,0.898499017820621,0.9154362963384662,0.9298915640614616,0.9461932457165008,0.9602093907134337,0.9791855215050028,0.9945326196179893,1.0089496380832106,1.026348575323521,1.045679914154133,1.0679726032691745,1.0976315879570664,1.1372465176606987,1.1789102451265068,1.2267916470121965,1.2848730770161845,1.3430209942515499,1.4027950912211873,1.4674615018276265,1.5138540691682454,1.5470667029455267,1.5813110590410133,1.604178123510993,1.6170703729536775,1.6264084854123275,1.6423131453006912,1.6513362804750478,1.6605598701912287,1.6625858993378062,1.6563655173259577,1.6629712015110212,1.6589797751290036,1.6763507471278563,1.6855217049197901,1.6775802394510075,1.6706153093249838,1.6708290135941923,1.6655231021027797,1.667437584102756,1.6571522057716879,1.6610136085405922,1.667250734191838,1.6635608772866541,1.652572639658904,1.6486343663402099,1.633618405621079,1.6289735245089343,1.626840545066477,1.6089908677025964,1.6124009070927197,1.6064790801480076,1.6019215707747896,1.5869244992211013,1.5778181380917224,1.5567071829007768,1.5556136121287825,1.5511490241466,1.533796907507195,1.5221349179892232,1.5143740598182653,1.496989079069628,1.486215846600314,1.4738959349853815,1.4674704305105308,1.4586598122245864,1.4436913977119326,1.4382452007966255,1.4245729667474036,1.4207743619833053,1.40935291381215,1.398570690563774,1.3995127772024174,1.388489775140084,1.3753236458314892,1.3752040386599749,1.3665041774470683,1.3593220938549648,1.341566865182503,1.3388766875921634,1.3306442821575453,1.3306792797504159,1.3246295025951054,1.3174916000589814,1.3094170822512559,1.3022057513246548,1.2979011995624372,1.29213992114556,1.2820192432138404,1.2789449891750273,1.27698243931873,1.2655681777249685,1.271179748113426,1.2583683568070168,1.2606885516726551,1.2555311933757636,1.2469796019906247,1.248489623644634,1.2332121243682301,1.2162243223701863,1.2096293334404469,1.19527541331755,1.1762625445960215,1.1487061631966353,1.1212738925835346,1.0725422785508771,1.0529856262674253,1.0351374886827054,1.0653499415211543,1.047491699998812,1.0898842799696173,1.062405551173541,1.0589526772631939,1.09164911676104
20260527_190144,Class B,2.2960724060385234,2.2735326616723506,2.3326111865256483,2.3373926976485757,2.418835324778839,2.315669133293131,2.3023970032916083,2.3766396054726333,2.4066399330716597,2.5320842422975884,2.473856271945312,2.400108894823367,2.3813233920809735,2.4081639976462403,2.4275188552905718,2.4291050896488198,2.388932896664447,2.433676724871322,2.3980503565438327,2.4207885434012875,2.4268472636216596,2.3883884483794553,2.480310756814939,2.426201153941995,2.468271477738503,2.429669570600498,2.4422859869222604,2.389744590405755,2.4026821773662803,2.4191257110854107,2.40409877207128,2.4428815032061,2.421908863075079,2.4527113188989396,2.4467682730864406,2.4032775415020162,2.4239895008266545,2.470595966763281,2.4263866862535415,2.3964521026560477,2.413698647616368,2.450584724399357,2.48463026562116,2.459551572637579,2.4359610481131933,2.400552319587267,2.481663630812433,2.432891283031332,2.449204706611643,2.4201278722083948,2.465690702943519,2.490104569499175,2.456037301328294,2.394786591461726,2.43538543833112,2.423249309661376,2.4410393330492988,2.4088573527686044,2.435239056579396,2.4340092002203724,2.4312926457895276,2.429421152110829,2.420532816829654,2.4161763665439633,2.415120905208448,2.407743074170729,2.4389210968952217,2.4411899788358298,2.4522593765569702,2.428121751564956,2.367556505493697,2.444416744199138,2.4431153484315193,2.4282889503322758,2.448264514697189,2.3923986814625575,2.438594069162865,2.384462266730908,2.4359678087773253,2.4253769908524614,2.465848644508848,2.4175453735243106,2.429166323055009,2.4277748385679434,2.4265627663949627,2.4354333530290693,2.413307661086399,2.4424668114321797,2.4399184394236704,2.4089059219908804,2.437708392888797,2.392055110385856,2.3962352828591973,2.471109748220203,2.4670843080120335,2.474032620336787,2.4522062070787385,2.4489059145913092,2.4295465512558634,2.437838003195557,2.4272696652926995,2.4656514298484207,2.4316448940046738,2.4400772254291376,2.458329949416723,2.452935870201179,2.4119122670597175,2.452824834096262,2.4526076969764166,2.4286410343665716,2.4336303582333287,2.4458912303361124,2.420269486569997,2.459716528443802,2.4623590183738395,2.4451295678166773,2.454906800318378,2.4646976107666037,2.4601021517285715,2.4548594719298364,2.4472084691196296,2.499828505710779,2.4719315541545064,2.455956520494813,2.4493091916771226,2.4699222836492503,2.458717964841139,2.458879561655078,2.4600342955082386,2.4734149408982677,2.434711094356205,2.4542150381025594,2.4905480352282483,2.4228544608983835,2.5202382305232067,2.458957363443622,2.4917414091987005,2.46246616374227,2.4880929249464505,2.4809337347768667,2.4538726547668688,2.46276891805002,2.4604459015861937,2.4788576131733566,2.4616078130785084,2.472055486873392,2.470094394576939,2.4307198878632823,2.4194042327889758,2.4430976981072052,2.4750954984309765,2.4903113514504174,2.461073310845863,2.4455888344864,2.4693669384851185,2.4544769566379263,2.500891292522603,2.438455921361739,2.464039759680749,2.4786088643731277,2.4697616029824094,2.4993180333250677,2.4902972902593747,2.4845129210387475,2.4783567432584515,2.455767836004178,2.5455009793886187,2.501923673480539,2.453587153902277,2.506733207938938,2.4792802089539836,2.477691816952431,2.5111510227385776,2.5080038198349013,2.464556596774237,2.4851003641232823,2.46887029194914,2.5035582441073054,2.4345689040341987,2.4781068153595807,2.51189905099737,2.503692670608692,2.456017118125216,2.4264024469917316,2.4526620768718117,2.427043777010408,2.4848747208885467,2.5025746606018,2.5204702246357495,2.479751145460527,2.4839536744437694,2.5265109581150265,2.488324668204984,2.453457926645605,2.465574933624776,2.5260658336447555,2.5046709155504883,2.438211733751283,2.5314609765493516,2.5366465139170655,2.4675517678448884,2.4845114510229593,2.4555326294099893,2.5188601292002466,2.51734208075182,2.4557025141641184,2.483679729550259,2.4684241195434473,2.542755772299251,2.539229376945655,2.4642448792234735,2.505221943506983,2.4022104766913146,2.4344052567544003,2.676633453868568,2.4848521495908416,2.404149249209695,2.297342162429165,2.2288996540122326,2.2535687552820707,2.2261564725642558,2.273025567578941,2.2357005696980585,2.205754480354006,2.1502619621945365,2.1329661393873134,2.3275147847971867,2.226659379949911
20260527_190219,3,0.7947032512104244,0.8524049235892341,0.9238358262638428,0.9128080145209779,0.880602339955471,0.8278894042052181,0.8513939864064208,0.9017608401514124,0.8759634326188932,0.8463425036953249,0.868901715549604,0.8574217561894766,0.8772991545777749,0.8253885374350376,0.8013338918173816,0.8403242450202735,0.8284892612461423,0.8112762811822278,0.7861397045914316,0.8187546522855931,0.8412124064483363,0.7829687733460017,0.8062644277268409,0.8283486220677831,0.807480196094893,0.7977108439020271,0.7788589303567279,0.804478393703151,0.7956086950248302,0.7647608050524465,0.7745818735283851,0.7957290107590981,0.7932831404517539,0.7627047537871099,0.7868565346176906,0.7968046978272179,0.7823069286124106,0.7818832931520032,0.7577153973795547,0.7687936933530921,0.7656370622261838,0.7721828667073204,0.7507618202321856,0.7767076908630873,0.7854425551950865,0.7440684190854611,0.7700452391458688,0.7842938288028076,0.7649716670213964,0.7652961931006074,0.755085584548945,0.7825976324959123,0.7721249913966072,0.7461860300864229,0.792124668087757,0.7907983844506794,0.7772337457765309,0.8142225094764339,0.836129115329266,0.8374704673104477,0.8407675787942755,0.83222642452124,0.8269930731186292,0.8320965427518481,0.7912076827387173,0.7627998047168149,0.7926574430752058,0.7815174155183823,0.7818665023432501,0.7882986868608441,0.8118827792417788,0.8102644417454493,0.7955776493386058,0.8183735050274576,0.8310067438523888,0.8064255100280497,0.7873533416624388,0.7774212602132432,0.7669495173833742,0.7636318945273671,0.7669458476136788,0.774160076525017,0.7539200071510129,0.7399134782763436,0.7673598889304314,0.7584943619544071,0.7317682469178403,0.7523146831450874,0.7571694114837345,0.7398714445633117,0.7465978333300268,0.7488215255839233,0.741183964863058,0.7523580779896777,0.7373924108544228,0.7279503270293399,0.7517866931356412,0.7327450180863246,0.7169775638657205,0.722364891496663,0.7382925005059602,0.7432505400198229,0.7218247738411626,0.7360371727586303,0.7335870658372081,0.7321554603640725,0.7347848333624197,0.725463612799817,0.7411013418734825,0.7355490484273286,0.7212720968241253,0.7376372052243828,0.7395568274749158,0.7315671164012315,0.7512223181340689,0.7423717559359936,0.7249719672425692,0.7511054350078082,0.7542408010820056,0.7609278403339498,0.7646329550479427,0.7851228493179113,0.7980347658569946,0.7946780388438126,0.7951791399603638,0.800039704943362,0.8065578228332833,0.8068168448347435,0.7978955579898113,0.7985632659352825,0.8051171766632579,0.8118106904800377,0.8044609661566966,0.8152714593471759,0.8052365916731234,0.8131081011568764,0.8019205776378221,0.7874338267815312,0.8007963604468252,0.7863622300301136,0.7794044350219786,0.7854284953380374,0.7939663500417895,0.7821112483119348,0.7742975948196311,0.7823121159757541,0.7820599447511972,0.7772973353415765,0.7745419318144933,0.7605928739167442,0.7569215874973372,0.768779807379187,0.7763327563167476,0.7641944878259892,0.7662039359162842,0.7571921674177786,0.7627631256890821,0.7565941998774782,0.7424834458182855,0.7436866706302245,0.746970203750708,0.7479305595441138,0.7370887485049173,0.7380076325918745,0.7416519250149435,0.7431029010518666,0.732749703166343,0.7163642352490378,0.7238330403413862,0.7327433641977568,0.7274846843738313,0.7287366205506551,0.7283980019487255,0.7183292837417279,0.7179888592226163,0.7291724162157734,0.7228301219400424,0.7298884709231035,0.7185789235121224,0.7061369618368897,0.7098017500542734,0.7214766689214528,0.733656488552476,0.7204729773480223,0.7235410867335038,0.7179347173112677,0.7201308636826922,0.7211083439936019,0.7290282974679888,0.7186635209604177,0.7294245025684669,0.7465277909607251,0.7133548363260478,0.7429506996047404,0.7723887271289523,0.753544968999417,0.7580406674203373,0.7565886460002706,0.7901898367476837,0.7866137730512691,0.7715237446623968,0.8148930642958891,0.8387569408481214,0.8489994291363696,0.8596328440469947,0.8891903317662684,0.9563601839824968,0.9425277738410571,1.0151547240503742,1.1161711978105453,1.2087319675367225,1.1424939223546655,1.1143669052001042,1.233655273685665,1.4686024834223552,1.7597165497025116,1.7085914408090734,1.4981879654701409,1.2004031926372092,1.2037971385510748,1.098126658978814,1.1659105153135734,1.2208238015583948,1.1029976958160812,1.0150484290814439,0.9174732335347526,1.257007325984476,1.2890643417414203
20260527_190326,Class A,0.488260952202949,0.49424481162948763,0.4982155834277818,0.5074070672426255,0.5154954046708331,0.5244789920866704,0.527338075711569,0.5324745292584225,0.5333996135715855,0.5327563515087039,0.5368504953553367,0.5401821798170804,0.5475880044508739,0.5541027999473902,0.5604344766285685,0.5654781135589533,0.5673039787336518,0.5696619122144324,0.5680583137373655,0.5688837043671564,0.5683700789106639,0.567837647281723,0.5669202666426705,0.5649239868649669,0.5612966387955849,0.5611573472915883,0.5586310473001139,0.5585720692726948,0.5548024695833759,0.552748465266208,0.5517086771934372,0.5491056508464371,0.5473976067582846,0.5454123227755413,0.5431943073261971,0.5428121011032587,0.5419886306831746,0.5400191083710197,0.5387541819239685,0.5388029219351242,0.5368961157744057,0.537486835373364,0.5360002667265715,0.5361410495817507,0.5365466320538991,0.538020119264241,0.5390633411253898,0.5400459124836383,0.5420344852220954,0.5450050111310509,0.5469205116664131,0.5502271358442511,0.5542228853985127,0.5572678818035708,0.5597742293395929,0.563684320887995,0.5683943722551333,0.5750012324411404,0.5839807078603207,0.5969544959953194,0.611984276712996,0.6310768403736902,0.6486133541727243,0.6668930187001599,0.683276578477727,0.7003737046799549,0.7076608462288955,0.7154876277294545,0.7233757499036546,0.72843579548729,0.7301258478283001,0.7338841113079682,0.7373626326133966,0.7394545933169566,0.7431858962006508,0.7440045479530752,0.7439213860427096,0.7450359480354236,0.7442779243220291,0.7421047545365391,0.7408284825546736,0.737757920537446,0.7344171938359606,0.7308707989660546,0.7274624932537166,0.724972379149764,0.7211264376467992,0.7194252154600932,0.7167729050128118,0.7116843657051869,0.711130400315128,0.7102620693783176,0.7104197494933274,0.7102212835485271,0.7104075414232041,0.7108877238441621,0.7132709260407882,0.7126540065221404,0.7157454239531207,0.717125665329621,0.7198130450803368,0.7226721579574908,0.7249440636042372,0.729957590677307,0.7364769283977362,0.7432188479794111,0.7554631142626822,0.7639104780349514,0.7739925222928706,0.7850002729002231,0.7971553209109178,0.8105770552865069,0.824431079629332,0.8386109314692847,0.8538329847966453,0.8708539111080627,0.8853394191443607,0.9016359150431235,0.9158970194725166,0.9309349206929679,0.9485804417637272,0.9649683270006097,0.9790541377950381,0.99500411206589,1.0136844658540933,1.036442331112487,1.0650993299517442,1.0998345515763552,1.1391427134620509,1.1884446127661055,1.2438692283615187,1.296954524158633,1.355965646176469,1.4166779275001142,1.455195064519554,1.4871707539053403,1.5173986641553638,1.535190792231843,1.5497199699371274,1.5590755200935775,1.5772243917909294,1.5807601503714215,1.5830982039358306,1.5989536850074266,1.5957849206552748,1.596299213160284,1.593824838921997,1.5998651006720177,1.6032727223374046,1.6007852806760607,1.6130467826601136,1.6076829326049868,1.604622272971505,1.603564370513097,1.5990853524526127,1.600856102171037,1.587932519135145,1.588862755019252,1.5877289751160553,1.583991531619161,1.576602117497913,1.5616573495763542,1.565253956646331,1.5520133047301747,1.5502716840962454,1.5411239891358193,1.5297472266400356,1.5229213059113185,1.5166555014377012,1.5097649443827206,1.4965479019164512,1.4889445391691836,1.4783485859649514,1.470821037753657,1.4551740884226418,1.4451545247737703,1.4357192488616715,1.4226347250040616,1.4167345294971292,1.4051201005420224,1.4008418227699602,1.3923569183416016,1.3816582010147949,1.377028828279316,1.3688109526907015,1.359883101888201,1.350825178148034,1.3485015950119108,1.3394400554580397,1.3335582170691458,1.326175304133823,1.314400589080631,1.3061973877829522,1.297239405633112,1.2947384780952953,1.2874236804129238,1.2769538240933949,1.2759129101638624,1.2705324633680324,1.2570962857486916,1.2577510735124775,1.2534415667400816,1.2420183400977156,1.240177300590425,1.2346282108736941,1.228866712476783,1.2280350464467111,1.2207435879172592,1.2217729039717176,1.2159064107615882,1.2099353334546104,1.2078262324980957,1.1969926172689522,1.1893986071969462,1.18059646030175,1.1601845273559086,1.1321057391447324,1.109777890200577,1.0783961161548563,1.0511323376582127,1.0228990412979289,1.0137224583069937,1.0186156098777663,1.0206644313515587,1.0232120995684528,1.0370405495024624,1.0526527374984633,1.054595610177273
20260527_190340,Class B,2.202344051816656,2.2548216979527473,2.252003684739991,2.3846149264675245,2.367682802331458,2.409573636161462,2.429083406169428,2.5059494233698567,2.537064567657991,2.4342796986295023,2.439506797053866,2.4029567376961927,2.4756711883244296,2.4604523553658733,2.4211226501057754,2.389060448455196,2.4031733357790572,2.456074076130228,2.4147159785868024,2.4023921445155194,2.3969528175793675,2.422996576802662,2.512839981641859,2.4291322864310674,2.412541832855891,2.473389878026627,2.409746516763786,2.4431050204143987,2.4899333165825324,2.4200708572297236,2.3897108895731782,2.372651617222707,2.4435297949271795,2.450653047359565,2.3940327958153276,2.4722310268175516,2.413431545954722,2.4195637975055027,2.4025968136530778,2.4785628335509666,2.416552728963125,2.408444222471077,2.4076704795674932,2.459551572637579,2.452994387411974,2.411501499890399,2.412868776768007,2.4196438011527137,2.4876261522541023,2.4390132163687688,2.3942419071265846,2.4944259432818177,2.4491669628582735,2.46835078178189,2.4467898874711125,2.435249708146609,2.4030142927193143,2.4358968609358245,2.471934629133748,2.4028795905094693,2.4046948772957326,2.3945192889777145,2.4451997003971484,2.413552222717814,2.4384082493340777,2.424264776478974,2.4272191904920946,2.4086795664445066,2.455995266105129,2.455161259732176,2.4633370133607837,2.40931178287996,2.44135706877518,2.4325260032755303,2.4162671214092923,2.406284945527152,2.4470272366997277,2.4839301847970594,2.4651260375185386,2.433202328364418,2.4296028720337293,2.438031181655978,2.4224675607063064,2.4285115554229857,2.406063371333337,2.4051787546109056,2.4429301276932,2.4467953636953372,2.4637907563445127,2.4362458358005714,2.4466349178367675,2.439086094436585,2.450155689248012,2.447297509021123,2.4470671944901463,2.455948356189063,2.456078100319548,2.411485199494767,2.4571788398838934,2.430119647943509,2.44379373111476,2.4783882512513533,2.4480574347748245,2.4285872832692026,2.442902567051313,2.447043045980544,2.4124481023922235,2.435025741739854,2.4555401489139506,2.4336361697359474,2.4824921828258,2.443039647655903,2.4840805623477515,2.4469079880279243,2.49831260544047,2.482189533838169,2.4650278974219906,2.429889043476922,2.4465201161103196,2.4466093965044133,2.451347453984811,2.484105721447946,2.449906269298227,2.468260303192107,2.451110000678477,2.4611987152443935,2.415486344760738,2.491442962715099,2.437139687907068,2.483116635810752,2.452659701605767,2.454829750847655,2.443585843529202,2.472210742544181,2.459634655151748,2.495717196299145,2.4666153919782268,2.474099747250282,2.456731732557642,2.476288829731103,2.491889491341894,2.4751131973230733,2.4528708057878177,2.4835310808289237,2.4673856519374686,2.472055486873392,2.4662225013361296,2.45190918693322,2.4572450899614062,2.4455341391785193,2.485018880998625,2.4869368629741504,2.492624450002938,2.4747215412646932,2.465495045244309,2.4439368159116173,2.483723267385589,2.4583697584814344,2.46728805067944,2.5099166537840034,2.4123475595921966,2.4791792695837347,2.4799482426148427,2.46755938350087,2.451100556740487,2.4891129932677836,2.502344062358469,2.4789473680910605,2.482413480080983,2.4955490409864245,2.514220926970557,2.5004965964290866,2.5095944100258833,2.474204139414219,2.4724727054187015,2.4775994094088567,2.4869058724030126,2.4628253025711246,2.4458316287453985,2.4931248634230356,2.482332624798652,2.467243981717545,2.4684708598192437,2.505003085356752,2.492804543154689,2.4686611553607984,2.4256901032571756,2.532078069768049,2.4874460542467003,2.4907931253826456,2.518949335148999,2.4250096103686514,2.4912757179418663,2.4830261572883137,2.499773177916006,2.4788367325883542,2.4459905954981016,2.449950137022527,2.5100393723217467,2.509723871094185,2.475337024651551,2.465002210071043,2.4717050372195515,2.509548711653462,2.481735043327453,2.494047506240338,2.4945376571384674,2.48328478958533,2.486590726981254,2.5342847943285927,2.428263622157031,2.4083119304989262,2.533967163086083,2.4484411294583026,2.4728707682150284,2.355474248452797,2.337742291198499,2.3058082098904786,2.249340814254777,2.414420047781015,2.2473457716341936,2.282233569365765,2.3434372761987365,2.2929046560729063,2.263102577179568,2.034420363684998,2.292186822455444,2.4485081295662674
20260527_190400,3,0.627564058991504,0.6048772042992574,0.6953058316632864,0.6065615011731342,0.6212215946257634,0.5780568930293162,0.6085500279299888,0.6459751402889846,0.6030228478690629,0.5947059640501315,0.6045521033890942,0.5794481891547489,0.5825951287599715,0.5519492841342372,0.5363670230538559,0.5513052373694798,0.5470488915367571,0.5282378008481613,0.5332043655155732,0.5322823386859594,0.544583740679649,0.5211466983445523,0.51793653866124,0.5323622942890728,0.5033425136815072,0.5065663913812187,0.4850941725858219,0.4942413567291668,0.49927430868781514,0.4698099672959136,0.48802733730654335,0.5006499842968436,0.48818028933735585,0.48690986147798554,0.48860159300848155,0.4933802556766594,0.4754408857092815,0.48352287549874806,0.458745965214421,0.4796554543915308,0.46926985615084643,0.4813057570212486,0.4750969902089173,0.48340949820136914,0.48435763629782935,0.473120188480012,0.4784239374940782,0.4873181305163779,0.4703945025863068,0.4765070834340146,0.46769819952430314,0.4755278938836182,0.48455434479006565,0.46264518532239424,0.49342562804170936,0.5051595984171918,0.4963309277310021,0.5291950640672706,0.5523469437998387,0.5575118861078443,0.5716930154309613,0.5557674156524504,0.5585991153273138,0.5391076649246966,0.5170855646068012,0.49285880088507555,0.5172783305986435,0.507211685302372,0.515366923895061,0.5228635291106124,0.5399314919308265,0.5357446029596875,0.5459568480574195,0.5522393518167952,0.5601992104694116,0.5402856744298704,0.5173379003545997,0.5125016573855931,0.5043646648031711,0.49196201912779325,0.499738697776671,0.4943172741637656,0.48460694527656345,0.4758860122720493,0.4839677785779225,0.4872239407341199,0.4629458640348326,0.4772534446563581,0.4840054744653617,0.46473915648874686,0.47493382980827425,0.47672334681067535,0.4680111157578477,0.4747898748453597,0.4665110899834368,0.45980983134387465,0.47083265071619007,0.4612967199487329,0.44897043704907624,0.4607075240711229,0.4653552272143787,0.4643605083999389,0.4547394832160282,0.46195547983069885,0.4571356222509262,0.4560977673628578,0.462413969553238,0.45359916598158345,0.46157849230488046,0.4656216575074309,0.45202662327589693,0.4660166961787363,0.46939688332633034,0.46229447890054576,0.46865108022167135,0.4724346884682986,0.45754528176985376,0.4832829249264775,0.48507043028758856,0.4961254567706398,0.5108459583271541,0.5188099256362898,0.5333583277857226,0.5332832425426954,0.5303682475874377,0.5414002703678653,0.5405214783791703,0.5434857060513256,0.5349676773336374,0.5438681122285804,0.5392706527338045,0.549270824398438,0.5412258076676559,0.550350415593036,0.53647164425921,0.5431905898502031,0.5375215907639472,0.524437504091378,0.5315678902416714,0.5208160234862778,0.5169508779084211,0.5213689001114314,0.5266811249116925,0.5127374180118487,0.5157431769302794,0.513939476469861,0.5095739221309263,0.5005994283394217,0.5023406257867176,0.4873124241860216,0.49797128596887485,0.4958411473252289,0.5019134938896738,0.4900143824863021,0.49312648978160833,0.4830415568936859,0.48337327956236775,0.4823520892030057,0.4683980274081916,0.47777061960043904,0.4720712102448969,0.4730610160779328,0.4671573550110112,0.4598468860018029,0.46379772150994836,0.4565217912136361,0.45272667035162284,0.4375483252794453,0.4483331549380898,0.45218010154722305,0.44260142049257734,0.44351887188880745,0.4453306925453952,0.4347009392660387,0.4396747782301242,0.447049590734231,0.4364086107438492,0.4411541872260347,0.4355776378163779,0.4259024187645052,0.4405719882171149,0.43838330165311545,0.4479061905388822,0.4336967620665445,0.4373400891559104,0.4277182056399712,0.4362775624869406,0.43152779772454797,0.43960116102254476,0.43975659596786376,0.4362811110462499,0.44920450607738355,0.4427809462667611,0.4492461194310371,0.46742631845585725,0.4507190233343001,0.4606408064045996,0.4557897301905325,0.4737329192280419,0.4893490016710873,0.4776098215002823,0.5191698867399153,0.5433674812010401,0.5473803452058628,0.581296250885682,0.5950524507991257,0.6588671496076957,0.6789339702991507,0.7228682299156863,0.8225889575300407,0.8411330237893477,0.8497488035310528,0.8597690053356952,1.024000661227093,1.1703242862217742,1.3787590973573163,1.1963861308785049,1.2025163904272174,0.9027365028813479,0.9559645495587118,0.7980388270412007,0.937420399687216,0.8314890515826863,0.7960588405415796,0.7307822756663892,0.7312730458955465,1.00076246756492,0.7654148873290866
20260527_190423,3,0.7055771522864376,0.6770393029344534,0.6935311865891032,0.729645318662582,0.7679784417630443,0.7457319644317003,0.7195034497490183,0.6952818884176825,0.7453461723707716,0.7081866946542641,0.6886729550972325,0.7141038676517155,0.7009395971989233,0.7270308071630882,0.6780210849320478,0.6753784385965943,0.6770524351901209,0.6736693301291035,0.6503004945136627,0.6313197003351244,0.6490055970566879,0.6405140450411729,0.6232892927552713,0.6361717349191365,0.6357313354286935,0.6433893843985025,0.6458259726536412,0.631234977520296,0.6383465670008986,0.6422508945397254,0.6182446528934826,0.609120659734093,0.6311748768135491,0.6131601266879522,0.59892634866427,0.617720545219274,0.6124534796942978,0.6160249288875806,0.6236591747931499,0.6078589529298036,0.6088541892019961,0.6025270060722363,0.6010267634339329,0.5871926442683242,0.6113258157893717,0.5971547097254408,0.5835718341311631,0.6076921466954297,0.5999947882056043,0.608296266931871,0.6116777435385374,0.6111336733686419,0.6296672911376635,0.632171648377237,0.6258620818472101,0.6462376413587883,0.6561440253391475,0.6589407107508493,0.6774190874464525,0.6982645567245352,0.6928959977432788,0.6905974886262545,0.6728208333676681,0.6650061687344464,0.6726229203243762,0.6440503655315569,0.6370535155130902,0.6474465360189621,0.6373761033594512,0.6442267957195013,0.6457058322855189,0.6732927507558054,0.661775151891299,0.6548291546931143,0.6684706577512535,0.6570343212287441,0.6477272395111647,0.6263559719141127,0.6173159874338938,0.6136703570226602,0.607281197676486,0.613222155177125,0.6227402998254709,0.6075065679727046,0.6066351542491879,0.6145115260503197,0.6142918906502743,0.5986525278416024,0.5994808744488387,0.6064376292186346,0.592280363979304,0.5932981808558939,0.5977477968932192,0.593732837290659,0.6051105387467804,0.5913781285554376,0.5905763674675912,0.5997032014848432,0.5888304865057612,0.5773967284081918,0.5686362358410126,0.5845489105216157,0.5745281603410644,0.5702715879785043,0.584179706277133,0.5764609045407769,0.5831522728342403,0.5884114460946093,0.5827681914098982,0.5898879256136627,0.5935966844123916,0.5838007238744445,0.5877764416904272,0.5926541043343828,0.5893889817539374,0.600817996557731,0.602927960602832,0.596782047403123,0.6075867748719267,0.6115498811769975,0.6205017354496815,0.6238875367791894,0.6398012081667169,0.6452135181836474,0.6541054028398624,0.654797100980913,0.6555719629395038,0.6623307784737986,0.6641047887353705,0.6560277638095404,0.6561595320376968,0.6593042033658798,0.6580095555490689,0.6579987789573484,0.6713168614979117,0.6595468849210699,0.662891681868419,0.6551119629617904,0.6464836030584283,0.6518721689690757,0.6413360173743831,0.6378045497378975,0.6362284246241191,0.6465929083941927,0.6301787566149142,0.6228501085050271,0.630963568843165,0.6208350836433004,0.6238694873448167,0.6242629803534913,0.6111638058030782,0.6055663411506504,0.6134106032923266,0.6087061084548319,0.6093240752660486,0.613839728130918,0.6037699015327754,0.6091161052514931,0.6059528117944977,0.5941715861466204,0.5915437334573657,0.5913949920585859,0.5857435053773667,0.5834504482287666,0.5804257947083338,0.5797294728657689,0.5865842589449144,0.5809132528890051,0.5692665007302853,0.566771421869235,0.5782666483023473,0.5670181116387263,0.5691474251839191,0.5736052888875449,0.5620374866070554,0.558548196958637,0.5722600111354776,0.5636131762493662,0.5734122008580926,0.5666966641103799,0.5593312192602551,0.554597065500053,0.5618420118363651,0.5592760438567935,0.5606176381411794,0.5667574137573779,0.55958326144581,0.5635739433488978,0.5606216032711424,0.5633742941902213,0.560575934164556,0.5671584294353813,0.5642905385040597,0.5549213910368824,0.5780553714449865,0.5829253302235341,0.5935944631235488,0.6095804761082485,0.6127063591045022,0.6412464554514821,0.6566270436958417,0.6541482322086957,0.6766449504582168,0.7010103862046515,0.7130990990948552,0.7361844940884454,0.762016661360555,0.8101938575478808,0.8484780709167596,0.9101389660649568,0.9994652764607261,1.1455014147098261,1.0989538439890618,1.158162737858172,1.150992029845867,1.3722838733095049,1.4115765228819281,1.4585173740047723,1.339329653182752,1.0856890449526848,1.0197446931287462,0.90500539838921,0.9900383771856155,1.0931937923220367,0.9663891828576177,0.8899280907010191,0.701818758452199,1.046577638161425
20260527_190437,Class A,0.4979916314483933,0.4997738075861129,0.5047065185218671,0.5091625829216144,0.5201606521964941,0.5258795754974133,0.5349579907584217,0.5398212604251323,0.5381455138661989,0.5399226047690777,0.5423398078290858,0.5487506095040153,0.5534687306890282,0.5588637884584766,0.5644608788764001,0.5709337404580519,0.5743482517319887,0.5758179558005025,0.5776711498101749,0.576885261999974,0.5751677702649041,0.575020422342821,0.5738202051931925,0.5724129405772971,0.5702950591018705,0.5669433690997618,0.5648988247534935,0.5632886604475562,0.5601225461963311,0.5582801306304155,0.557345082965771,0.5551291061196217,0.5535590125186354,0.5515857669088198,0.5499549392609399,0.5473075588435268,0.5472474290658262,0.544207327060225,0.5433522249611037,0.544295151336423,0.5431107560636157,0.5432064805803789,0.5424323294149269,0.5426118748361961,0.5426336898020505,0.5434326175051235,0.5445351331424877,0.5454905964984367,0.5471594745905733,0.5493132041437614,0.5514160077550296,0.5561564598189065,0.5583726440190673,0.5619628676583706,0.5655710279434594,0.568415134144458,0.5728829804660371,0.5801689344650913,0.5905115750192784,0.6038934002950512,0.6201552589303977,0.6375866828771628,0.65796317361977,0.6755585192665028,0.6902695170232902,0.7071039490215402,0.7174256885895551,0.7262582520866347,0.7300942128980366,0.734462025686394,0.7394692736020301,0.7437556638139179,0.7463178366292702,0.7484202261361707,0.7490848413120846,0.7508829698777322,0.7509279334423827,0.7495895581115941,0.7504670286930653,0.7476071430841473,0.7461776317734686,0.7443608535798025,0.740764945956079,0.7358995124379886,0.7332169447286878,0.7315363647906926,0.7277416747879365,0.7265877274773664,0.7230901733594022,0.7213822689939056,0.719905105586653,0.718345436028022,0.7174118532461015,0.7182389542372619,0.7193598928798541,0.7191067012775485,0.7212066522473752,0.7218087094133145,0.7236477070889595,0.7269797848418758,0.7295754635301797,0.7321897512659599,0.7362444059769256,0.7403278208735534,0.7464464908119922,0.7537048929638634,0.764280913006447,0.77408166017804,0.785299325569018,0.7960589861244535,0.807368975032716,0.8216485510083609,0.8368242764136897,0.8524731052698648,0.8682087437869368,0.8818958910301814,0.8985062314730174,0.9181858360650109,0.9312777465276436,0.9461729795976288,0.9661622223796393,0.9788351225240419,0.9946011520761653,1.0089501547668134,1.0276145126427354,1.0534264929007469,1.0783787674166654,1.1152840923467526,1.155154828781588,1.2047763206768074,1.2599895419431224,1.3183427333065705,1.3713267781155412,1.4351218321270298,1.47544288925781,1.5115520583910973,1.5315644886349822,1.5563574723865445,1.5752054619356914,1.5882237660862955,1.5925834802097065,1.5973801526848583,1.6119046575748652,1.616828408777131,1.6185187082279822,1.6185619017489346,1.616105769795817,1.629180847996766,1.623685308172462,1.6181575944944266,1.6335626524093458,1.6291564093274027,1.6214438989989965,1.6245994730673365,1.626031873898162,1.6147918801143295,1.6091560564077814,1.6069499986668987,1.5984442355904624,1.598077992897766,1.5894520040343638,1.5867368138655242,1.5824333576244451,1.5788373271920477,1.573982240447209,1.555800509638902,1.550963875090121,1.5357221603635318,1.5350053889820776,1.5312015042062554,1.5210873859234744,1.5087313592993696,1.4977161848880027,1.4874100566579447,1.4769255494352587,1.4708111141649116,1.4492260266241743,1.4358064598404625,1.423184566102167,1.4177807012319033,1.4159760326522168,1.4118136768648937,1.3990718842063625,1.385604369112384,1.379786487613432,1.3721138926149905,1.3697970042289662,1.364004374945905,1.3504337829026805,1.349215520358632,1.3438039574172285,1.3315343548989715,1.3248321478256146,1.3177278614249062,1.3094752388877042,1.307998137123758,1.2997937824847128,1.2870121883889127,1.2847439148062874,1.274830579807034,1.2631563050135972,1.2593419261709986,1.261957600966505,1.2611295576940658,1.251956962267432,1.2451315555884945,1.252836747277602,1.2414263554275242,1.2325857732539351,1.232354366846263,1.2255570620547673,1.2155249104606483,1.2037075497628509,1.2115142244054915,1.191304369334472,1.1813503516828932,1.1439741243360575,1.1149253065669922,1.0902038333552468,1.060311608633614,1.0367894613800634,1.0177530624756348,1.0264699787398393,1.0183269957742136,1.0284629399593803,1.0460022362348131,1.077591308245773,1.1178862611091644
20260527_190450,Class B,2.2424612750246387,2.2196572808894963,2.307628898438571,2.381690373450208,2.2868116923544584,2.3037699099934232,2.497199226066893,2.372927664226916,2.3301929740112874,2.357487974328859,2.4847141995335202,2.3972796048045026,2.4160854983401854,2.4133808109073667,2.335012701188153,2.375764681053263,2.4526586988589756,2.3569919828305865,2.370341084581312,2.3650207332902187,2.4309933044835703,2.416047716847334,2.353139138774347,2.3835709098867763,2.3758442689060457,2.376052199319902,2.39882029314117,2.416073529128104,2.4619740190046415,2.453494612716673,2.4077714745672507,2.4319864294448457,2.4425233182729986,2.398475035694494,2.3859817921606457,2.375537673570488,2.3770676811988736,2.438256592568551,2.409127680812036,2.3803321064528937,2.3960457465801235,2.3666272143852,2.3399290063081866,2.376396249492675,2.400142080086698,2.3969630885638233,2.369886340262104,2.4309738649856096,2.390716139246046,2.386362017860193,2.4183012913197457,2.395782217464761,2.4208948688499223,2.4087130586720935,2.401996425013054,2.4250740790766234,2.3927346534747436,2.4727564493172123,2.3996941169577206,2.419501146134634,2.3597982284081938,2.356800600903509,2.425894545201762,2.375981735888685,2.420385145200805,2.419855657573919,2.4509470585977615,2.4384614181417597,2.43673089547867,2.3841154508040443,2.415329287289698,2.386870913831715,2.384683163725407,2.451676357370756,2.3571604289121058,2.377473003532662,2.396442790830274,2.401553904503755,2.3815153637215096,2.3825765427698458,2.367094490802421,2.395862277377976,2.3762671384581777,2.3850458616418955,2.4123223272803522,2.3885115334012883,2.4436606484405563,2.4099745903527285,2.404777485689089,2.4147616666399325,2.4177831332793738,2.392055110385856,2.4201474402646084,2.3693316916515306,2.426064247914766,2.414674966315726,2.4679053072884543,2.434645142862079,2.420713138628026,2.4330720351254227,2.4014178609467303,2.3861565005210674,2.4000358163926867,2.3778129014481517,2.4224078059223055,2.4247959173822706,2.4327536273525485,2.4283269793911515,2.4194221424528286,2.434194747924722,2.4414961912912054,2.417647987352943,2.4550765531772902,2.430581321488589,2.442020443340678,2.4115148716883126,2.416628120336329,2.4486876736768175,2.440171512293665,2.421656114560737,2.4338801741720983,2.4081534455305196,2.4171679918660116,2.4277761842269787,2.4049316529694353,2.4285295984910253,2.433655560938572,2.4308892865061815,2.4478342100684047,2.4187939900062876,2.461920062724971,2.436166964040407,2.423601245597635,2.451421105716354,2.431645214666895,2.4640220795243986,2.430274748835668,2.4346766549549614,2.4340143337651745,2.4288186634289883,2.437854304981326,2.4532653773052764,2.431502747924698,2.438916205829824,2.4243510197122666,2.4406166937358376,2.45794997537014,2.441488071279677,2.4528740086724823,2.4455341391785193,2.450926465669189,2.463385006312756,2.4554044118834337,2.4329122095490106,2.4279742533268935,2.4384586068523837,2.453176887564099,2.4276430520795214,2.4413428660528416,2.462143871988003,2.4491384058591095,2.447140021659996,2.4496669712686607,2.427559542468088,2.438400982820952,2.4390621425013257,2.420359727280308,2.449217322964536,2.4385762335414,2.4568413379933007,2.4536240735914507,2.4519534681944952,2.457665668458725,2.4919027982612274,2.4790585946200108,2.4636949443811047,2.4228184642156236,2.459172678164675,2.479940526526928,2.46812259445298,2.4705836355630217,2.494496486198011,2.4853778772783017,2.447991364585071,2.4464466651431414,2.459689494906956,2.4796942083847666,2.481911460302319,2.4533834077648766,2.469870182949026,2.503046616352792,2.4622700618603384,2.499244647613142,2.485997396804079,2.458856431963664,2.447451922076117,2.4469546236007185,2.525576428853109,2.448433704361495,2.4327235195181736,2.4513246816631207,2.406309448866885,2.444338853003185,2.433670101155923,2.4149691720422615,2.5244882387169074,2.398728517931297,2.457927065166888,2.441973866050385,2.4732308289186147,2.5483596939911006,2.4468189274196632,2.485469635159379,2.4344052567544003,2.423908137779142,2.4273562557589226,2.337742291198499,2.2825071324816277,2.3577384314202874,2.225540031681827,2.365897709581093,2.1020257441152514,2.2955766605502967,2.1881693055528935,2.054826634752486,2.1208455067114604,2.0452883529559114,2.21349793389194
20260527_190507,3,0.7186309270960768,0.7502443977554428,0.5454118071646074,0.5882187576607243,0.5522759565708719,0.6856746765274012,0.5821214384790132,0.699299009388458,0.5583606132352422,0.5746201327703534,0.6461307648370314,0.5400646281904584,0.6007376773919251,0.5094388160567468,0.6222863086660846,0.5604239228948953,0.5303001835003578,0.5584469848397866,0.5477141077246839,0.5805044662001158,0.47346525472520073,0.5357008569939503,0.5521182240943046,0.4692191515140298,0.4906261206867001,0.485197890047255,0.5039449092972594,0.4663155965564182,0.4764710835825402,0.4949925631761171,0.4724268313930224,0.5141711478437996,0.4560937318705337,0.4806602744334749,0.5113698275025566,0.4407873025999689,0.44859367810536455,0.4668110769923117,0.4679368806276329,0.49024839146343324,0.4668946889319944,0.4732621247372535,0.4648783291389126,0.5060271160533151,0.43179535636184674,0.4696941399230896,0.5046000995467853,0.42854137072598697,0.4662300955121309,0.45859570667504945,0.4796042669034352,0.4513880333747815,0.4535907876916636,0.49912653015200537,0.48109082084903,0.476403784095789,0.5307940286602555,0.5318547025639369,0.544333260286273,0.5622181955914924,0.5903813364884616,0.5642849512269046,0.5530086949355946,0.5385258438180325,0.48783095390084846,0.5509916372446342,0.5320272120916039,0.49616850542699786,0.5377882404335038,0.5121393986334992,0.5556767552241755,0.5184104281945308,0.5538989047970404,0.5839384675663147,0.513766063453621,0.5617360000271723,0.5142352492701769,0.519386128038398,0.5241137679191752,0.4976126267795712,0.4934989603895156,0.5005796822157935,0.46387280217902416,0.5108482637167225,0.46540280214593815,0.4686854649561918,0.48800690576043393,0.4656963366157719,0.4793096830747868,0.46673540822630327,0.4794893300213898,0.4705742761582175,0.4718210819371088,0.47892135331743274,0.4470345910231511,0.4843866380354763,0.4676722362993572,0.4397499288182387,0.4810464994871239,0.45829590764452316,0.48047691066445664,0.4283458611905085,0.4473471350219837,0.4691473299226626,0.4334459673212574,0.45040984615145474,0.44905091942181546,0.4597368285125918,0.44994464592730476,0.448126576870619,0.46518932046052713,0.46174653572775504,0.45629991047977586,0.4650672468279032,0.4513044431733776,0.448338442479218,0.4819855881266889,0.4864148470454903,0.4790197559159965,0.49398488126089524,0.5166210900750524,0.5328257813441335,0.5030169281275917,0.5394878677928696,0.5289987098213806,0.5397635034427318,0.5412339964024564,0.5327514493194822,0.5448495011187521,0.5534207856237847,0.5471788312971783,0.5330254186881748,0.5300581722470766,0.5508296414034577,0.5278854459480539,0.5465119499570449,0.5211628319085952,0.5453672337847824,0.5375625182994855,0.5042154819230571,0.5352636201470088,0.5091816895487218,0.5283978676873727,0.5017215729863704,0.5104943424252099,0.5243024594658006,0.48182835813992275,0.49364572123681116,0.4869170284954911,0.4939261391542382,0.5012585016517341,0.5095247422980512,0.46912971874794496,0.48737617795995647,0.48353176076584603,0.48050201125431746,0.4790220645766335,0.4641971508115813,0.4825377987535796,0.47762995307978756,0.4737865300757711,0.45279285451286716,0.47415778948929627,0.4555235715230156,0.4509717050908536,0.44662213662134953,0.42763631761722865,0.4570925344768043,0.4331447724038112,0.4506772359260174,0.4217867723214792,0.43445927008155094,0.4282690057997889,0.43855134550411107,0.4225873097980355,0.44509931843284334,0.4163785127706354,0.43245536315597843,0.4111485222254158,0.4461097415501295,0.44287137831171386,0.44618048681456124,0.41245351268210295,0.4257638212097957,0.4209443573160079,0.42833359822451195,0.43866059268221963,0.42203836046920895,0.4277606664276024,0.44130890933489764,0.43995372470236394,0.4178119680060689,0.44260443249343906,0.47371049252976044,0.40265391677964124,0.4359118824508412,0.44136423292988947,0.4602545357838672,0.44392281517854465,0.4536108057234349,0.520770442742765,0.5170899769406425,0.5273026190623866,0.5575051663140755,0.6055946612052195,0.6125311719261106,0.6259378548547402,0.6984509047245858,0.7805308500627157,0.7376057550765722,0.8298379154841626,0.7440404282921305,1.2104409324218193,1.0170186649570074,1.5720205720663576,0.9662781205420657,1.0164499861055392,1.0172667754852314,1.1711781853178826,1.1250771718690704,0.8505654284893949,0.8745999066539984,0.9336846610524264,0.6549704081163644,1.1550731134552916,0.6047530645031143,1.5720205720663576,0.3729611681737364
20260527_190520,Class A,-3.714162046098853,-3.7246853882373596,-3.969042967305813,-3.9666578842017577,-4.0484029561527395,-3.9644482079166607,-4.116474911908331,-4.044696517110194,-4.2266772207845555,-4.245265839457462,-4.213331780706593,-4.345765693114489,-4.309502414966703,-4.423769988626339,-4.332862447495826,-4.415223830232056,-4.463937759305199,-4.452721539868761,-4.47872517886946,-4.4593774078279145,-4.577664104732127,-4.5247854493212225,-4.517024258314842,-4.606316861140107,-4.589368665059145,-4.596718021556566,-4.578822514595423,-4.616275913126566,-4.605638990395859,-4.5868909795908674,-4.608365550303124,-4.565198251715666,-4.621913333217377,-4.596333140301133,-4.564808044686603,-4.634588096837765,-4.625703345853227,-4.6069292623911515,-4.605832775740528,-4.583810663913107,-4.6076694366882425,-4.602635050623777,-4.613038003502704,-4.573660511558021,-4.649587961100439,-4.613905217903027,-4.581289584350118,-4.659488347116727,-4.623456048069934,-4.633630023469062,-4.614475366090395,-4.645097901234998,-4.644911033878752,-4.600668020643057,-4.619875608500043,-4.625363904605701,-4.5720579899263045,-4.573359038937999,-4.562078639008206,-4.544811911757776,-4.517604918925932,-4.5445640974960435,-4.5568329810176795,-4.5722557216594995,-4.624519294067317,-4.563469219262854,-4.584500837524111,-4.622628426129325,-4.583788016689579,-4.6123387416647885,-4.572302233692734,-4.613535277219241,-4.5820633629117085,-4.556157711807152,-4.6308548399769,-4.58805871022841,-4.640362163527487,-4.640322398432747,-4.643442806044889,-4.6759523910790906,-4.685840227213275,-4.684863307326608,-4.7279720846034206,-4.687778586493365,-4.739311214632668,-4.741994147813114,-4.729440187661316,-4.758525849468876,-4.750893920382126,-4.769539786818402,-4.763719921025807,-4.779416098947068,-4.786545580235125,-4.7852799950793505,-4.823506832637296,-4.792419707593287,-4.814480666721018,-4.847375207680696,-4.8118229118891955,-4.839880102122027,-4.821854018019943,-4.87741166311467,-4.862244710611878,-4.843668722979144,-4.881612872478349,-4.867037105108116,-4.871882201849058,-4.862906213562998,-4.873651864809688,-4.876489189855017,-4.860535640463282,-4.864386470503837,-4.869765456458089,-4.860936620700094,-4.874377435320918,-4.876460330969513,-4.8409775740147305,-4.835011654103996,-4.8408209620097225,-4.824197450789397,-4.798643740867619,-4.780583712934837,-4.809020720483673,-4.771381675009799,-4.780648488426736,-4.769007870943774,-4.766903382235582,-4.7749328133874,-4.761521906519292,-4.751863929554984,-4.757350471038355,-4.770609033211284,-4.772064868851765,-4.7493961653647,-4.771227256577893,-4.751294504223833,-4.7753992560112675,-4.750246041870273,-4.757388436165782,-4.790299241422002,-4.758715129076618,-4.784816922368361,-4.765832408555299,-4.792713788511254,-4.784260582566084,-4.771227256577893,-4.814340839137843,-4.803361505710666,-4.810434155922673,-4.803477600754047,-4.79600507614726,-4.787644638671184,-4.827634163590344,-4.80885889170951,-4.811909980420099,-4.814081039840366,-4.814260917444224,-4.827956982326332,-4.808224481096161,-4.811883191962041,-4.814200966520594,-4.8325663890547546,-4.809929885460897,-4.826948993252928,-4.828788748184953,-4.830659227787602,-4.84702945146416,-4.814946433790836,-4.836020129822733,-4.815723816702551,-4.8413970159052395,-4.825705171037166,-4.828737212112518,-4.814527265912847,-4.826586579609077,-4.798912938088413,-4.8233437908206485,-4.802691646138066,-4.8193003991528585,-4.779408881695875,-4.777448572820369,-4.7684753027894065,-4.796380036631384,-4.777339809770346,-4.77601070267848,-4.762138172348833,-4.745184132542346,-4.754478298766679,-4.739113284431217,-4.717870132737748,-4.711452902631359,-4.7256993312298565,-4.692123961934615,-4.652768341244741,-4.715167357848458,-4.673352725162537,-4.658802904446173,-4.63116971174276,-4.638988159343682,-4.619594150765161,-4.542277546927697,-4.535623198149311,-4.511428784316226,-4.470557485217274,-4.4114345021650045,-4.393399695293102,-4.368286884902131,-4.284520967479148,-4.190359716265324,-4.219924913188828,-4.112973459333155,-4.1827854420846835,-3.6982745766743674,-3.869173027321683,-3.286456469746983,-3.8590181438888944,-3.749427099121749,-3.6933751510251853,-3.4743619760326307,-3.4507108781469196,-3.652052848248105,-3.553761698390004,-3.422589839851482,-3.6335694425540916,-3.0670708560453703,-3.5535189401489697,-3.0670708560453703,-3.66661156841903
20260527_190643,Class A,0.5003192085177769,0.5004180932554739,0.5217245705162779,0.5267529267336419,0.5318254190521137,0.5409832405400459,0.545880039280936,0.5564466056373811,0.5522195413924371,0.5520808707138423,0.5499388358905106,0.5608075210344947,0.5679951138115085,0.5703871698350931,0.576750855213773,0.5848362433400125,0.5833595263854701,0.586319543025569,0.5821602223172972,0.5810929923171853,0.5848698805218764,0.5826707357291558,0.578187254208623,0.5827476956197077,0.5804864053397443,0.5762776266128045,0.5752488683162581,0.5745603370900867,0.5706010356691702,0.5688391621550596,0.5663376072257261,0.5687975818788841,0.5641105781649871,0.5584136776470037,0.5608074662054434,0.5584832177864922,0.5584893887205371,0.5548843628196298,0.5537448969852542,0.5526725007415587,0.5552875502879536,0.5513323019432208,0.5505571447347117,0.5475067429927089,0.5522610826413228,0.5496875548320714,0.5490157349679418,0.5561167233211399,0.5563717458376889,0.5630778103432859,0.5614526317649393,0.5659404758207733,0.5732625978406705,0.5712377701938793,0.5755458285286108,0.5829117121376565,0.5818055126508002,0.5884272501093382,0.5961618805655051,0.6117911320386058,0.6259134257196599,0.6428271244654117,0.6655626116764273,0.6833928427442809,0.7040593917535486,0.713732958770366,0.7225143864584019,0.7258187450137823,0.7361845029076962,0.738871866699976,0.7493812494636063,0.7483277908947569,0.7461762053918148,0.7449096219269622,0.7538093936435827,0.7552729875806685,0.7509107896752079,0.7551484673787888,0.7525832259932459,0.7477700381319681,0.7502331792700939,0.7481681921322775,0.7419655481592434,0.740835756239482,0.7401946629219263,0.7419188653988442,0.7326776157055761,0.7303182188781455,0.733689084759167,0.7259312936547938,0.7235256087300261,0.7276635343505662,0.7237821737937294,0.7242976157149318,0.7230620897294217,0.7246737245506429,0.7282577454151467,0.7313537647434174,0.7288902409968099,0.7285680422197262,0.7300286949916656,0.7378610874200163,0.7377083996774481,0.7416781170617215,0.7504756189081241,0.7571456924099318,0.7724331471872774,0.7775834573815872,0.7887457745835786,0.8025499124166209,0.8101690099787233,0.8233236568425508,0.8409830788820201,0.8514671016559113,0.8681784519209901,0.8878732022207307,0.8974126396037068,0.9117976595119383,0.9316329105005808,0.941021841843305,0.95522078562041,0.9731835730217808,0.9876522921208374,0.9992004304020577,1.0133550472532546,1.0397256647288828,1.0639592536154945,1.0933173411102775,1.1377266307502272,1.1733454199683448,1.2309209138793267,1.2795183790726883,1.3217560149140664,1.3646681616751437,1.4066285231612587,1.4375283544286426,1.4424383058186956,1.4716828205294914,1.4882962304734075,1.476420854198423,1.4984463065134723,1.5032210105793893,1.5205169509656509,1.5148388702397997,1.5041882998452172,1.5228413613615517,1.5182351484399863,1.5216881051179996,1.5443813193890796,1.5170864277681344,1.5038923288800385,1.5217774092726226,1.5202806265046072,1.5131179321789991,1.53156470969029,1.5095380927631399,1.5120303877724004,1.497317675323352,1.5139158711544418,1.4915535013046322,1.5018041510287312,1.4938089385402922,1.4853679897651868,1.4589331311190845,1.482146723122731,1.4723245645514598,1.4594201771648256,1.461268957033277,1.448963442740904,1.4648601464382505,1.4412774108743958,1.4353879786431716,1.412591177438482,1.4177686105478962,1.4066270529120974,1.411822795452743,1.3914099999639995,1.386096318724532,1.392103652602283,1.3665605685279982,1.352440167673703,1.3552772851783672,1.3489150641127718,1.3353416063299417,1.3450243813542202,1.3318744255786528,1.3179120570313796,1.3255642594423949,1.3115365463892787,1.3004614272123545,1.2754776424107963,1.2895698533554356,1.2692098753532797,1.2803273572456855,1.2786575917134488,1.2724975602191728,1.2529647733951386,1.2596184388522358,1.2593715408653676,1.2715954684612767,1.2397041988498139,1.2368698844266877,1.217873413938912,1.2285842526933688,1.2161059815570057,1.230029288327538,1.221829678674871,1.201863036474267,1.189135191675571,1.2108964693278215,1.212190576930034,1.18323772021691,1.185259837061001,1.168188524011673,1.1374087400161814,1.1590591685351554,1.1262909985538614,1.0910269207676102,1.0573805449674214,1.0193649286447044,1.0252075888302483,0.9906110422236147,0.9947355296346296,1.0545290330832768,1.0036084642841339,1.0112143336237238,1.0804990774758254,1.0505681208942297
20260527_190701,Class B,2.6132490376530613,2.4881580517265576,2.453756934116809,2.3645449436921906,2.8846755690888126,2.3096787696039436,2.4944763677314197,2.4815444367682225,2.5495093871122485,2.4997396861167607,2.515070271858513,2.465874572815189,2.46776032329418,2.430781684698653,2.5749375144503044,2.510264901678532,2.5318399449066007,2.460940171653453,2.445514310918525,2.49705644706885,2.4841029932982677,2.5226672112418984,2.509235857373034,2.4691546475435318,2.483397690119385,2.530465913630946,2.477462377751573,2.536048846204854,2.4630167433516563,2.4659334911105835,2.5244898809288596,2.5218621976538076,2.5229126165095916,2.515892031085552,2.474117880861197,2.4615335775616645,2.4899657995910602,2.500868737182983,2.5114767919116865,2.503516115494643,2.5051902160051913,2.4695158102504258,2.4780332605679294,2.5044997826836752,2.4981845434936627,2.511890526017429,2.487099177133788,2.480574694628045,2.56076944330441,2.512442133527302,2.449641043525992,2.543817718497587,2.4530795522213236,2.4623048212825513,2.491372020123853,2.487925866825421,2.4806379956202647,2.4966877079247425,2.500030534183874,2.4499742544921648,2.5433201911623047,2.550140478189782,2.5463605905588635,2.508721574149569,2.5016900848782857,2.516765670581975,2.4407497079416296,2.4904080015060113,2.474193287008463,2.4780744140752184,2.4605260360269554,2.489481185171651,2.428392091610813,2.5117072493231554,2.5121636112457963,2.511305453300944,2.4834245700825806,2.567531769075278,2.5047987422824898,2.460074474764719,2.495392056851278,2.4702756316939434,2.498997967505215,2.5128851116078237,2.5074846740188885,2.492177923902031,2.521965416931552,2.4870295433799114,2.518396374415721,2.538174649421316,2.574823334357197,2.4888145619495536,2.500212040204844,2.5740052683682695,2.4859241310275717,2.495769407007631,2.4982493237476393,2.521456581739921,2.51689508024695,2.4740501758500018,2.514870454165984,2.5677701979717478,2.5200111334694366,2.5390296079206127,2.5290176295570514,2.532117116248804,2.520903762026739,2.5233024926220082,2.5368450885914307,2.5407121874529013,2.5284574200930927,2.5612100215817044,2.495476698252721,2.5739554197085583,2.5533601717713754,2.5554214473725927,2.5513756812601645,2.516605822428324,2.5143398597673183,2.525090731873712,2.533509456290202,2.5644466330228095,2.538982955247002,2.5459465581527803,2.513767180904041,2.524867795113771,2.518556666473613,2.5450056989794456,2.5355193959959,2.518533293033208,2.5705300157971465,2.5327824402573147,2.506243023754766,2.5497174119168116,2.54552964363304,2.5582341097307855,2.5346342494993337,2.5405010092599842,2.5823012528380564,2.5386398676725674,2.584708788247796,2.5544262674669915,2.5538675867484284,2.555654803013255,2.5343324415680817,2.5366178236457197,2.582678654183823,2.5662249512810877,2.5228342186896144,2.5430554041972666,2.555324500069795,2.5663871053028453,2.5749532671257422,2.559042426964729,2.575282437779988,2.5417666199064124,2.5065315598752957,2.5198324264149936,2.5295864666940098,2.5179256641605727,2.5452623652916664,2.52493676014441,2.5500883884118064,2.5028760735181192,2.589564373247293,2.5456925992222126,2.540666482543002,2.574809625507923,2.5539975443780865,2.5545938235873775,2.5819425508511316,2.5899185880445934,2.553714839793645,2.578217470679147,2.560754067404402,2.53900429718792,2.599240866620862,2.541420060370397,2.564867930360321,2.5370988012432933,2.534578212529819,2.5397946488661565,2.6035285031723783,2.5696351754005557,2.5584658030398506,2.5851667244322356,2.557504357849523,2.6553785755318513,2.531390204043907,2.585147774344927,2.646256649013817,2.553561697910218,2.5135521126530187,2.596279135571419,2.583795168571964,2.5505560370802125,2.5091025303495633,2.5436495421388043,2.511202142713539,2.5038310468735494,2.523971890877686,2.5557835270167395,2.5915733720363927,2.5437628121845637,2.647813305960081,2.5681803043988243,2.49043405669969,2.574731906891884,2.5660568497081018,2.6131383945802895,2.5626001331057107,2.565098034359221,2.510775500424149,2.6261203042936154,2.520020548208736,2.445085022719354,2.5010592622177517,2.4388003199739177,2.397566894988707,2.208432128989971,2.174238673298762,2.2980278365489966,2.360639306306359,2.2973137749779613,2.313658950622012,2.213789332501915,2.593216818119425,2.562451481873104
20260527_190809,3,0.558543150416527,0.5051412485778635,0.5469067982515585,0.6002964791187247,0.664265713012132,0.6422897917427426,0.5490385585257657,0.5818793854362838,0.5452880235734339,0.546931027379642,0.5565907094759339,0.5308579962859706,0.5777814331694255,0.5720289028694847,0.5897356560857328,0.5234011786065134,0.5236804575882825,0.5225755088575277,0.47827106482927567,0.46313751970061334,0.45787653053134736,0.4673553721707723,0.4512409193968181,0.4533323548349655,0.4665018075338591,0.48366176688574986,0.4788439698721961,0.45546130128088996,0.48291499763203033,0.4726520864519273,0.43492818225780117,0.44583025063212756,0.4342879714483702,0.43147289982873366,0.4280521506305094,0.42453383797335065,0.4332197106332167,0.45773771288505105,0.447018802684768,0.4393098065688743,0.42916150804978187,0.4448086989958897,0.4179336155352321,0.41952441560103415,0.41497766897215194,0.4157543159982877,0.412352724870023,0.41137268192471144,0.42921910961409343,0.44109315159363083,0.4462860379585922,0.4423286523376634,0.475128464757758,0.4749351549554117,0.4589374111536497,0.48907917538170886,0.50103095493478,0.48765777510058983,0.5111913324968224,0.5258316464744962,0.5331797405603976,0.5175729138552998,0.5271761754870385,0.5108657588725745,0.5135816205713819,0.5162395718115181,0.4839796562562546,0.4823391259323414,0.5057524110611871,0.47502644676988237,0.49490460706741785,0.4952071340278177,0.4956498111186187,0.4951654714598793,0.4950232105679696,0.505691080139799,0.4868643602643966,0.4884523516589465,0.4677015113377929,0.4533312703508334,0.46553794530999704,0.465796870321603,0.4694577926053214,0.4804491346326569,0.45019750098413036,0.47387689651586606,0.46671505208053815,0.4385365178037474,0.4552562061519213,0.4457437425637145,0.4363173465248989,0.44022197993281253,0.44231105447618685,0.44423648286615613,0.44747168096019085,0.45699928103800685,0.43834725912176814,0.444603263761006,0.4512784623356285,0.4107556492439468,0.41103326329335377,0.40823489614886005,0.40724078752881815,0.41469996853818636,0.41270778169456174,0.4148675603178229,0.42748207686450396,0.43077678240049483,0.4224761659596014,0.43734176218390586,0.43840591851917066,0.4241845411585088,0.43211506327826943,0.4362988787424875,0.431703855030901,0.45356453284075915,0.45835123205285344,0.443542828822888,0.4497529910816829,0.469094755067505,0.46316928483732933,0.46704145059529745,0.4805390060583533,0.49448239740031863,0.4946475657272493,0.5140045764456848,0.49947411051897245,0.5082472140901649,0.5115140540399656,0.500457229387413,0.4957243669538235,0.5085751575437402,0.49618063687614916,0.511604986588122,0.5049384650681089,0.5062631675438369,0.5098035695172135,0.5124031208030215,0.49681845720065443,0.49542241309909507,0.5052378264572408,0.4752186533988427,0.48684409733326084,0.4808343598199656,0.4659855021168402,0.4661937744424669,0.46178028791389447,0.46101243888883014,0.47087468310329816,0.46782982343560753,0.44970942591834207,0.4441285825449228,0.4475718108614783,0.4465515966643041,0.4515614313399522,0.4500934493613363,0.4430596087609937,0.44993818293605947,0.45082566861818185,0.43072338424606355,0.4250098295152879,0.43109572218888037,0.4218787499746157,0.41321737030201405,0.4208685062498234,0.4153409257373295,0.42453437683422474,0.426283779753459,0.39837486897621355,0.4058893629991101,0.4015358902002114,0.39901252115854036,0.40560720503079145,0.40870085637380127,0.38768129708645904,0.3982137063888079,0.3929956147872714,0.39882289358729256,0.40735959807633093,0.41502399419607816,0.38836064082778105,0.38032411587818404,0.3884284593752961,0.38542590143293926,0.39269974035624733,0.3944736411927012,0.38808285204790327,0.38512078500107977,0.3978808646597028,0.3889236748824907,0.3792903787549606,0.39393729485002366,0.382272746282624,0.3763254249259593,0.38087527940205756,0.40393126349161346,0.4211028192547497,0.4278175394021063,0.4326617498643563,0.4741410506091782,0.4891325492489118,0.46970721170105867,0.49309034265803836,0.5114479616857537,0.5285489549439508,0.5309574342708547,0.5838187126885139,0.6159515873059763,0.6436338309025067,0.7123882956124389,0.8344493398621453,0.9493309013037775,1.1010452078657031,0.9127405482537557,0.9676091030018996,0.9748951164338016,1.1858649726978636,1.4944760242244235,1.1618102623504896,0.9187321971588859,0.7330194283500533,0.8237036329961318,0.7986470124770819,0.8176885261443387,0.861739914770723,0.5380318148062525,0.5803795934142528,0.3807984157484096
20260527_190947,Class B,2.182372970886036,2.1804635598312094,2.1922354797365013,2.148336461428527,2.2333229916975927,2.344771514997438,2.2704615563585557,2.3015157574342036,2.281247150962616,2.250512062612769,2.362532897470409,2.2751701582150665,2.257993751355305,2.250161766444236,2.2748132427473475,2.275810027259705,2.2732521986518175,2.287712852673361,2.2418219939612687,2.2460914893372115,2.2643779373117665,2.261145756861591,2.284525189776271,2.2632913158537673,2.286204401055026,2.281198833321436,2.281363713875327,2.266350209691202,2.2800208160966666,2.2908950676781688,2.2849123643520715,2.286977710061212,2.241682949381159,2.300292230746197,2.2740886143074266,2.3141995862820024,2.28754560181303,2.2594927436515433,2.222511307649086,2.25649368581676,2.271107009971823,2.2616495796291107,2.2827317429591933,2.2782839175939813,2.3090616107393656,2.2753883849018943,2.287930040159707,2.2555208051364772,2.2835061695981773,2.244653071002,2.2791664517187566,2.282904946041588,2.2909667935015623,2.293614576811175,2.2787983499810553,2.259782884111376,2.258996595963399,2.274625072816792,2.254542298564713,2.323841416274011,2.2470496347143003,2.2782603800378034,2.294263927629007,2.32049640144429,2.2849809749143404,2.2749828091332893,2.2852983557486515,2.2927221288554964,2.3229256116778134,2.261155280177832,2.2859941843267952,2.2668417307726445,2.276223701511602,2.2519166854551416,2.2458957218410274,2.2638683704541505,2.2836085990370885,2.2749131625221635,2.283895138810446,2.2814704151681813,2.266055285842372,2.267412652757521,2.2533251616059533,2.2842836930906465,2.2671961247612593,2.3005890671752374,2.261759343108244,2.2932731549171255,2.290185448449249,2.2801067645693425,2.2723976401746793,2.2819746611116436,2.294578834826679,2.31481134175187,2.285564297244954,2.2904825685779975,2.2838935645966756,2.30035340223269,2.3025305565887177,2.306507002386602,2.2903378140251425,2.283741784487458,2.3091577681545434,2.2936997624547337,2.2930430999818854,2.301249597747132,2.2911436504390177,2.2948858373850367,2.292188046485368,2.311778542020464,2.295125238957858,2.3188120533088483,2.323899305181358,2.3174036957660795,2.3256818784942954,2.304023285255173,2.2980672020339346,2.2932620817250164,2.325523565256082,2.2896110793577544,2.3100843184388906,2.295958764768435,2.320368641231316,2.2980323180974964,2.309647198248116,2.315335143888894,2.310314297892313,2.292743912913945,2.294800964040766,2.3162800994802324,2.33418242610544,2.3128517600963208,2.3122284773800685,2.3284862158803796,2.346320259481854,2.3159878470102138,2.31929587549257,2.325731631908555,2.3104236411214756,2.329313022319147,2.3227029004855213,2.302329604537135,2.312864767164128,2.325952412943689,2.299119730393744,2.31235464400588,2.316165825694019,2.3102354926812323,2.310131954510159,2.311977265825284,2.3311218450599616,2.3376510039962364,2.328748168344647,2.31623169808572,2.3293000084469124,2.317774713756618,2.325267268027215,2.311696240861813,2.3194864311116357,2.2908179867301723,2.29676142090387,2.3215714162220666,2.3391117665381453,2.342953312157325,2.3169177720745644,2.3603013170885694,2.3272320471943377,2.334521076250294,2.3149223927872193,2.3329137647798635,2.347256576529603,2.333307732169025,2.3469156723182385,2.325195201086252,2.311655997389766,2.313572661754556,2.3216919668064038,2.3181669619736622,2.3322724378805972,2.3367776625631116,2.327113198072235,2.3024337330715525,2.310657065815811,2.331530695434264,2.331259000078417,2.3301337640023516,2.3140265172452374,2.308460297412846,2.355298944988226,2.3165698024620838,2.3032175103423245,2.3373313252520385,2.3720498307006173,2.3454418951533693,2.3589093822301255,2.351109985645988,2.335244152726174,2.301843535362201,2.3433386300721346,2.345663699460039,2.3445463008031884,2.330079252556142,2.340630857755222,2.348634754919231,2.3514481723522707,2.35079243240783,2.2926567547009435,2.3211591866664723,2.352842469615947,2.3111269420423306,2.333216965592097,2.2243953339312887,2.3034104629550773,2.4105205039542605,2.2596865350502253,2.2331195070350933,2.225547610436414,2.2291992980081115,2.1598187348689333,2.176114328534952,2.1701798168218946,2.03919552067947,2.000248643710786,2.1847361297144996,2.101570038294812,2.0247330962818664,1.9052421980848695,2.2687207249506223
20260527_191035,3,0.752638831460557,0.7531191707802556,0.6978158295719592,0.6788898704339941,0.6546690279578469,0.7255334987746438,0.7433416675671647,0.7460415224292491,0.6916511740184269,0.7165955006700652,0.6903467653079092,0.6722594428503279,0.6525615174894439,0.6374878048342504,0.6734791930541922,0.6570210360969838,0.640052644179696,0.6511244793862859,0.6663762859663824,0.6594173677303053,0.6223953932757624,0.6529594405122192,0.6450125314895909,0.6168679528892381,0.6192472439016479,0.6035370255719278,0.6142723993856131,0.6117989371160888,0.5893077936136288,0.6051678188409213,0.6215205480512919,0.6207617633747554,0.5953764114557909,0.6194748430206092,0.6203132374016317,0.5891291628646783,0.5989455010305693,0.5786680158330586,0.5865746989767648,0.5945413286651613,0.5989800954354259,0.590559119051678,0.6070503213674924,0.5988617623522723,0.5798585000596572,0.6059861813966421,0.60052321818858,0.5759860315749072,0.5853104421032651,0.5870214684066113,0.5861833009639577,0.5865311078655349,0.5801063417965229,0.5986530955072795,0.5998660686518589,0.6074321763376259,0.6276749578255484,0.649774990035523,0.6569489282490688,0.6721738976088932,0.6808248524884284,0.6727659500809676,0.6623735450035182,0.6333274792242019,0.6169169263941783,0.6275630364407931,0.6160582933906454,0.6117375467542072,0.6277837260534158,0.6406627025496237,0.6459490984475774,0.6377076012552965,0.6658017811821773,0.663829878114953,0.6426993888342967,0.6404443109577983,0.6206602065232008,0.6140921935580084,0.6061927839297796,0.598042340868922,0.5947592199361249,0.5846551710351044,0.5753273633676423,0.5910860489027239,0.5836208615196451,0.5744425362218741,0.5819231360163821,0.5861724378202597,0.5786058028054071,0.5730172686332636,0.5798476035131902,0.5780403872703845,0.5743655851462719,0.5685270839974839,0.5618316565552726,0.5736783961799212,0.5644657607015491,0.559128678204879,0.5676195208177477,0.5770911983238058,0.5702992318102069,0.555426586185185,0.5693634133657561,0.563443089300919,0.5553683368585209,0.5621286537606087,0.5618548064326221,0.5637160177293248,0.5646240937090128,0.5606564619469608,0.5653401783107171,0.5706926623331192,0.5688895782449559,0.5686533964896419,0.56733023915348,0.5626005243973669,0.5758389073166978,0.5832407309095169,0.5907893781756878,0.5960833817037776,0.6188035950317718,0.6306238321876212,0.6204522781234896,0.6317688531322454,0.631529611157328,0.6405812139135584,0.6421813491840818,0.6369190516869783,0.6417200318701909,0.6474642591630723,0.6523796969338804,0.6430725171418471,0.6526713475704357,0.6429978007965474,0.6409199899836668,0.6420247409230461,0.6309623372862654,0.637668698673727,0.6272925775083189,0.6180223072339059,0.6272268368118087,0.6308067027561906,0.6279744490500674,0.616864905645248,0.6283960901047997,0.6238201245558532,0.604769398178772,0.6072456586929811,0.6021585500172063,0.6000348871949421,0.6128670993799736,0.6137620818371398,0.5942644157312185,0.6012001757092084,0.5971671645115773,0.5907931655304747,0.5894673271463082,0.5794791825654955,0.5853433486552159,0.5888613387061106,0.5869810900008168,0.5728947457386364,0.5773528283324987,0.5711800476806046,0.5661523221805532,0.5605937111935497,0.5494976450030646,0.5589854595616831,0.5654523337689142,0.5617272945290417,0.5492398667394298,0.5548054191040666,0.5471005488719027,0.5498474367060225,0.5595010504631655,0.556358464732197,0.5433746532654191,0.5462202131209287,0.5412555342150983,0.5489621809061341,0.5588859007381626,0.563232388844916,0.5439942120262203,0.5498525149664814,0.5485852896966512,0.5443230098447503,0.5503459710868768,0.5546655636915754,0.5495170891494189,0.5628349004294002,0.5596632698738826,0.552803182672212,0.578088240356334,0.5881439270573867,0.5580103724228574,0.5754163193220366,0.5695576790464361,0.5830292143935736,0.5925170135406626,0.596909646180448,0.6282556092191356,0.6496441543369771,0.6592989705051895,0.679563081247512,0.7151097753343685,0.7564634529469229,0.7668780265754449,0.8292789321951831,0.8830381911648713,0.913814810204194,0.9219117019547806,0.9281742743784404,1.1228164807118033,1.2739377861822532,1.3717632658308552,1.293179148182156,1.313170858716259,1.122930961491505,1.1884155350471046,1.0605767456881878,1.0757818229339917,0.9895029456234408,0.9204301349194672,0.9288940579959134,0.9668714643973557,1.1595768463404281,1.2942273641039805,0.725916389974735
20260527_191107,3,0.6838301119387686,0.7136787116841395,0.7133255868907167,0.7058259512929699,0.6969379721020731,0.6933303640735672,0.7088351626685664,0.712708277621654,0.7030428087474995,0.6891341954626717,0.6838057982619605,0.6771471602675299,0.6694163768409628,0.6516073608574303,0.6451568273807307,0.6485545860784381,0.6400334314352436,0.6313193459457173,0.624315524193504,0.6299825492478172,0.6259376232187244,0.6140889561065783,0.6165128307871288,0.6150741859275374,0.6067560548888944,0.6008461050126638,0.595459324783334,0.601019901974098,0.5914073262666826,0.5842490841597023,0.5891645889110908,0.5949129576540362,0.5878659111982231,0.5821989863062413,0.5868804730224746,0.5843640843896327,0.5809644694352629,0.5746308675484507,0.568497549898686,0.5739735941388855,0.573874924839403,0.5736203090163342,0.5725628264814306,0.575760823417826,0.5745942600673001,0.5685339479033558,0.5735255245003719,0.5736679414721397,0.5695564789824508,0.5699641212987192,0.5698263516962199,0.5788546404571966,0.5764490207015929,0.5777156434381849,0.5951519462354944,0.5992995994720005,0.6075991585153768,0.6297604813322362,0.6468686410140664,0.6587258117734447,0.6632702280228419,0.6604828790222288,0.6487935842826161,0.6347038702873832,0.6132683005798398,0.602176793225634,0.6059830394091027,0.6078499828833501,0.6104552505727088,0.618352097055823,0.6267416613704764,0.6320113102930587,0.6356159977916638,0.6447322571958947,0.6445217115147979,0.6285912256807187,0.6132054051039953,0.6010119531888231,0.5911691472124845,0.5871915377116692,0.585576987221999,0.5840349290077174,0.5767895826027236,0.5733143992484135,0.5788564671096599,0.5723001912956233,0.5666346443942977,0.5732738957114065,0.5696701367588238,0.5638817478636806,0.5662688494300139,0.5655130634577459,0.5630338621278925,0.564294279645484,0.5599840609842257,0.5577652377589027,0.5610598369901852,0.5540161842396496,0.5504270954889544,0.5518610333849238,0.5542049481790408,0.5518835013450347,0.5478293410782082,0.5503325529489537,0.5493828357994718,0.5501945860142553,0.5510759729163137,0.5507103204402457,0.5562921932837188,0.5533296776041734,0.5521652271087405,0.5584800276674229,0.557634474321338,0.5570847126028966,0.5629058157246367,0.5600175919321628,0.5610278100405262,0.5727889019181923,0.5791070625370744,0.5857644454262896,0.598477125242899,0.6110392807006727,0.6168975879915715,0.6211967038587219,0.6251070267116418,0.6308999110575945,0.6321025674434176,0.6330435387299698,0.6310239091525337,0.6327066268309378,0.635733515656642,0.6371071116505675,0.636279489173524,0.6366190986436374,0.6345741427297817,0.6361262533971472,0.6290717779715309,0.6226292528509426,0.6220868273555374,0.6155959218885029,0.6137248436918213,0.6153709901441827,0.6144118719304589,0.6092491586305635,0.6072081286405444,0.6056616965399594,0.6003986709406195,0.5973168914810623,0.5929346793067909,0.5877776677815219,0.5895316358485878,0.5918189180835227,0.5892788703708152,0.5866937594302606,0.5832889006949864,0.5797589131054149,0.5792551534868216,0.5750914018985328,0.5696279432355766,0.5691718896878675,0.5679274718471218,0.564043362961723,0.5599675237375032,0.5575661969336885,0.5545841518566694,0.5532267955407096,0.5463850520907955,0.5421536533065713,0.5446187070032504,0.5442526926174058,0.5403442825023677,0.5404106685063593,0.538355084384431,0.5361992111842511,0.5378982584458362,0.5371238615396382,0.5353915833500005,0.5367332579727868,0.5324441225670633,0.5291971891975396,0.5332192530619264,0.5366658048299207,0.5356927897586932,0.5318011674666329,0.5316367887160697,0.5291134868373115,0.5309411529396842,0.5335083748454507,0.5336479598701978,0.5363125130546524,0.538834673268547,0.5419945155859154,0.5375489651522807,0.5500338182142892,0.554091075335489,0.5560493062112408,0.5596875002549069,0.5653435557245967,0.5815914875956958,0.588392809547553,0.6007398550987718,0.626429693401175,0.644349775699076,0.6580865166589226,0.6827765210359931,0.7131654633675847,0.7524790871862272,0.781847974996354,0.8435913512703325,0.9064167514877989,0.9560844154860985,0.9781684382354936,1.0276734009027813,1.1449612812532197,1.2745984433147146,1.3821898076936938,1.3742363817349001,1.2440708541240622,1.1179102604791749,1.032589464378343,0.9702461431696224,0.9486423696044317,0.948034535592059,0.898488354211469,0.8703476626036384,0.8565910553585077,0.9150969527565264,0.8591601037544425
20260527_191236,Class B,2.2992540648247126,2.1266249229446417,2.1342435327588145,2.2244628685132914,2.2582562319014055,2.279055022172326,2.285296586306093,2.208701406455882,2.237263128631975,2.2935466948379704,2.2310736154933126,2.2453488843345246,2.21563489342506,2.242127312560117,2.276630377121797,2.2655303880151343,2.2683263105105085,2.235194193579178,2.269803178348296,2.301101315543661,2.268656735291042,2.2852400465749363,2.268425404126761,2.260622831379063,2.2578267063778275,2.2909274365150054,2.277266565734282,2.266350209691202,2.276609215819999,2.2777441104316343,2.2983197575298604,2.315193267169135,2.2353978254773486,2.29380472365935,2.2553198827494594,2.280887352778564,2.2587192756343235,2.2374162236767114,2.29345234422801,2.26315477470784,2.3179280173743892,2.294141800708562,2.265671635841248,2.2817279838741404,2.2772438851269348,2.2562300847722914,2.262415454726602,2.311328533854303,2.264909681106519,2.2452704051242884,2.268004830293004,2.2220041169103135,2.2369674107113777,2.2704907779640373,2.269096655068571,2.259782884111376,2.276777215885734,2.244277120801843,2.228464947665291,2.2816039895814453,2.284512026244093,2.270629826815322,2.2691084413414675,2.2576920356256664,2.277929544286633,2.273727621895681,2.296984114073846,2.267538582837248,2.2552889180388878,2.281245362200279,2.29419461426043,2.25572786482213,2.297113176971494,2.255300815424486,2.2366723818182486,2.2317643734707016,2.268106687625182,2.250152497229969,2.2443125553337873,2.2893362482260575,2.2613088508179104,2.232166652875097,2.2706788361447066,2.261108958192741,2.269710865324951,2.2822837605125916,2.2612786629463866,2.27046249435142,2.2926857114395656,2.2668592826907243,2.2943074900769833,2.271809858167871,2.2596715038605786,2.2624676355877824,2.299265574922342,2.2794199612314494,2.250340631690004,2.2832339702620246,2.2651122066857656,2.286605566169272,2.2844632097208937,2.2845682252352404,2.28798912960562,2.2624362966403484,2.2631349237534995,2.278826789309868,2.261369703369606,2.272263285814132,2.2697500838847393,2.273463244278255,2.3074406524972786,2.2624244468401753,2.2657453382495802,2.272541262602542,2.276463855824114,2.2861786114990283,2.3026018794937118,2.284797605787325,2.2729555270880084,2.2720775448042536,2.294075531872733,2.2771799501926764,2.2786138931243145,2.296769221283048,2.273417654161822,2.2938310245935694,2.2836517109388716,2.3094249242831832,2.294800964040766,2.2845092269852114,2.3080176301813546,2.2783285866346885,2.2842553221353357,2.286967141484641,2.301726318128633,2.280773114882097,2.2766154062410204,2.2819335783638626,2.284650997825456,2.2787359669560177,2.2849530071367163,2.3112752242485377,2.292496563433672,2.3014402630662825,2.313389415912749,2.289491761046376,2.309397463011521,2.3048957391605276,2.2887510126562463,2.2879528441095918,2.2916541324387136,2.2843321562640626,2.277647591891216,2.2923439034325557,2.305547177467172,2.2963237126709855,2.2994060670796457,2.2996006153057778,2.2973260493521295,2.304536018626335,2.304812424558552,2.2936902361876736,2.3022690677795294,2.2899190469438078,2.2750092976848055,2.2829642117393147,2.3033899203432835,2.286612494184639,2.3101235099054507,2.3145780173126567,2.2993959608811636,2.2838144621154437,2.3301495089626143,2.285530635198097,2.312157781942298,2.2695005637839274,2.3159603427625837,2.3041979781265214,2.2984828066501013,2.2910201720024364,2.306506098748366,2.305634935392812,2.330311753812281,2.315486330644406,2.3104643348220057,2.3247757106572746,2.301889753884965,2.308460297412846,2.3065359442878255,2.298841035501652,2.305069515203918,2.312281605368862,2.332639136546321,2.3082529401605454,2.3296529034869313,2.290379193019368,2.328579656494807,2.3294964091060977,2.283570425068645,2.30161747560734,2.2791444103977274,2.340905946048763,2.299950844894243,2.293262821942503,2.3366936499556608,2.3431730355376383,2.265059950064101,2.3474881253888213,2.247434894292854,2.2708943990031067,2.249964455540087,2.247397973764695,2.3289319124793764,2.3384169868908677,2.2914506756542803,2.208295923310061,2.2648178230095364,2.1987585655315423,2.1757181453723504,2.1883982236772606,2.164161783132895,2.1405598751137767,2.0040919827925463,1.9601602472317186,2.188720214013712,2.223773553408516,2.0414619451028586,1.94266272358471
20260527_191256,Class B,2.248101542377331,2.2007719367291223,2.198484429013503,2.1988507846693595,2.2889250516678574,2.1449729061241563,2.2720850890227693,2.248451188952204,2.2758353116886947,2.2178259808998524,2.2341500945819504,2.2230724896233727,2.2018191922239154,2.2819307906849415,2.24587879518608,2.232137988398521,2.203249467716741,2.275569625010367,2.264511448173615,2.253130451882469,2.2511000002131936,2.2563468739798225,2.2732624650650712,2.2494612099533104,2.2324221266037325,2.284648370773105,2.2652020543329017,2.241858275071178,2.230851725259324,2.2610255533272845,2.2658792004210726,2.275912283911052,2.280047421350715,2.272172736013445,2.2520520382726104,2.287207028296566,2.29397971181844,2.260826982740608,2.264883789008349,2.265848082452319,2.2478416054512453,2.297745924977387,2.2792656871963484,2.2389543929995295,2.275203343478398,2.2753883849018943,2.2285571874656345,2.2555208051364772,2.2721207740222837,2.2813214494754117,2.2865446049249774,2.271059816841957,2.24358879926256,2.2473145571582056,2.250933171659304,2.2523482749045907,2.2522057834034936,2.2778444684481114,2.229616923093779,2.252724065548188,2.2767565615473306,2.232054072522247,2.296260687385082,2.2669261428543708,2.236132407376523,2.2365139048782994,2.2808374781232894,2.259658634261792,2.2630390595534435,2.2494168769065883,2.2397994949985844,2.2432047447308796,2.2472213070258564,2.2696922740944396,2.2689809664263523,2.2588151132658925,2.2692361927661517,2.2681710687985803,2.2574660283699957,2.2487690220607495,2.2566137296095303,2.2504398380887465,2.229949413114595,2.255627256844047,2.2366983027849643,2.2637363420714802,2.251305360682717,2.2419509530450803,2.2941928077417026,2.250848720961704,2.2761295169027,2.2654630617614924,2.282475525770441,2.267252099901402,2.2564411021408266,2.266506388988951,2.2718529463805623,2.287559648272953,2.2510820924045674,2.256388690794799,2.265702033322238,2.239804543991309,2.267410251118096,2.279392297414857,2.2720897664064257,2.2748714388193805,2.2705533650094156,2.262323013387305,2.278664964587832,2.286393128356918,2.255687094316054,2.2765273936366195,2.2918381061673148,2.278339672926437,2.2649840381406836,2.2732603829334037,2.270654062494096,2.2714336442293437,2.2824142199850947,2.300731602539756,2.2822433862597604,2.26886973388656,2.264762781227085,2.2831123381121152,2.2831139337248194,2.275347618899556,2.2695172166883357,2.289816543743376,2.2790217998632873,2.269854976994221,2.2564761292199242,2.315075495020843,2.2859256875864022,2.2620031683994393,2.2742167424184614,2.28920628241896,2.282461766400242,2.2658238048231993,2.2821137297600957,2.2829442797477806,2.256552251283003,2.272809312847145,2.2839303196028604,2.259806904872304,2.2823395502288606,2.292500245490075,2.2791358579789853,2.2974417387214947,2.272455224310679,2.3137774527837514,2.297263577798994,2.2937088488597284,2.2860400169465156,2.299285821174085,2.2636294698555743,2.278385697582245,2.2758322525103205,2.3158041541346397,2.295565988252562,2.2577008737114577,2.294551266098753,2.3044473057907786,2.2982123176417995,2.285960892621765,2.3043286447665436,2.298188463770625,2.3029261781936103,2.3082511409220854,2.2850878683237132,2.293735460362458,2.2984528671730895,2.2959048109218685,2.3046982082501812,2.311567178782556,2.3207780371503985,2.2960886366895297,2.2917986837595574,2.3072635989633374,2.2859662492281054,2.2890048807671106,2.301765420581809,2.298201841054043,2.279414623599195,2.3011007396294128,2.31329362484087,2.305110550541833,2.310524123409167,2.2991453133661137,2.278694456940494,2.287022769324353,2.293471362614294,2.326607459860265,2.323824113759353,2.3082529401605454,2.3069169939593985,2.3275092329609093,2.288592131505469,2.3082355564513692,2.282193896239842,2.320388525300324,2.316413790732884,2.28407507384234,2.294438420255936,2.341426382269056,2.2381546913674844,2.2907635093707546,2.29093336163821,2.3202140405221594,2.264172783991281,2.2781027716532813,2.3093429192377304,2.369318668471156,2.3055711364760043,2.2906954704531164,2.251022018598672,2.2594484457574424,2.251329332567002,2.2082148065259837,2.1077210662772394,2.1509064133849227,2.1134521923729674,2.142804296036229,1.9106702976303112,2.0075064834227287,1.9968346877747989,2.04100070899632,2.1689478707250385,2.40610428101318
20260527_191313,3,0.6828248896855271,1.5144590084585035,1.5252198085527544,0.6781393447218176,0.4489720557010354,0.30455312838766996,0.8750569167304856,1.0071211648502296,0.7776314825161262,0.7851773208867456,0.8385214856813039,0.741411802702878,0.6106674256001335,0.43769221846939854,0.35599739890272136,0.6636397452882272,0.5958638566542004,0.48996504013368425,0.7016014542813009,0.9596884545995503,1.371883214043469,0.6690042620901268,0.8680185852017668,1.1526549214458433,0.6349357383536258,0.5558998902630683,0.4542150255118803,0.6471293891231639,0.5254940292958606,0.40227397098722867,0.6727390673981661,0.7541206342719283,0.7193299805749368,0.6548140999934775,0.7939410635240566,0.9207384399193139,0.6454336156593344,0.5640943371226598,0.45601467651368066,0.5892611310446563,0.6152621253041722,0.6441314727356829,0.6504951453610214,0.7932760717153583,0.8562808918879413,0.6377617256396684,0.8050382582026967,0.96209325087662,0.5973728470995678,0.5650084116402514,0.4789821816920725,0.6026794724592,0.469255368405717,0.35004278018135954,0.6045626788676788,0.509213448029443,0.41370305189227363,0.659049519476461,0.6666214635048451,0.6004709606234861,0.6630986841564559,0.6580612566500498,0.6597466000816716,0.6154176432999598,0.4717396350558045,0.3565867596029734,0.5921189443133577,0.5360179137906009,0.5015235280286872,0.6712515623000976,0.6908152784704052,0.620838085454504,0.6770073106868839,0.776371410367092,0.8379814624062591,0.616963922533701,0.5735128831604357,0.5416185720671587,0.5940699633768142,0.5896071757722046,0.5905858211745278,0.5710731499941125,0.47365886117790257,0.3928678029248488,0.6013206189821663,0.4819444685060513,0.36767154449835443,0.611607843216364,0.5507302809274982,0.45574186972830144,0.5862203650571278,0.562354414058819,0.4885685402674558,0.5543803866868415,0.4710010068716096,0.40677133757706246,0.556903012461803,0.45892297231625706,0.3718439824353039,0.6002060332122116,0.6634624536557968,0.6687183337457738,0.5949687427623781,0.6176497045959373,0.5816769785677365,0.572512781374237,0.5299727567669991,0.45753906743446204,0.5766433237115506,0.5038955662735622,0.4119322941534973,0.5783018677205205,0.5408637033086301,0.47138208999370523,0.5767732106615608,0.470978927591968,0.36823355105057154,0.577744307142982,0.5525141371427973,0.5315231717999646,0.6253968114389374,0.6829714485420837,0.711042984323128,0.6223518375834937,0.597958045892768,0.5769812206119231,0.6455589665164503,0.5988131535885275,0.5201028031985789,0.6428952458640608,0.6559741466728626,0.6565254475825352,0.6790288835769978,0.6489574869514649,0.5625966861041007,0.6394134279017536,0.5657636677772759,0.4806202926190787,0.6148421674885889,0.5420437166226248,0.4849647704017477,0.6495403270009793,0.6251180365722456,0.5478400795798217,0.6436417415141409,0.6629813226842328,0.6479458397658473,0.6169800904726445,0.5577630189636475,0.4740664720336176,0.6225218155867789,0.6774605402181498,0.7073505022745328,0.6152925124332539,0.5938737561300175,0.527063569247202,0.5972675215322895,0.5343482994667214,0.45077544447057366,0.5890517314437886,0.6003871992314546,0.5920632863576745,0.5751316730519634,0.5850601243911258,0.5871602621936087,0.5627169143138282,0.48132247693491065,0.39491536762002233,0.587381135758663,0.5908701643711451,0.5442671022118576,0.5626997013020079,0.5308252759414612,0.4562476624093136,0.5890391716055206,0.5983836971665897,0.5404570793709597,0.5458292689834848,0.47244591207847475,0.38969493078392603,0.565123870436683,0.639491046061025,0.698784776081034,0.5624234777024771,0.5468710568577239,0.47828522661288586,0.5467053744982265,0.5593589935409433,0.5724482494981541,0.5654943162106782,0.6337094021215327,0.7050638885815522,0.6029430247220868,0.8120217110398238,1.0937873767271942,0.5907506677354906,0.5636086948045322,0.4926775005984928,0.6067607288429593,0.4821292138489136,0.3610916444776587,0.6632281343818078,0.6895316089486131,0.6242731800151614,0.7033517247688998,0.8666501345006881,1.206764265238456,0.8212745300956159,1.186130671664035,1.5252198085527544,0.8453111225856305,0.5523341454329977,0.40440779253978826,1.5252198085527544,1.5252198085527544,1.5252198085527544,1.475397271896615,0.7237358951296954,0.38337394829930693,0.8852375885056312,0.9814801930334636,1.5252198085527544,0.8633744897952051,0.5815661744942782,0.3333469020439811,1.5252198085527544,1.5252198085527544,1.5252198085527544
20260527_191330,Class B,2.1044133697561924,2.2148583980077277,2.268942106656271,2.276123040909653,2.391163898180981,2.329976598333008,2.2869766444241146,2.3046628326683893,2.2275306321141395,2.2684359742549396,2.267285788147757,2.2805252751638374,2.288026069392333,2.229917426564424,2.257919413402193,2.3063308725608387,2.2799081830603236,2.248489960981111,2.245402347973012,2.2289775933593297,2.2914615147676973,2.2625266625779767,2.256897785608777,2.3196611569816454,2.276537670097431,2.269671214803452,2.2967262136501283,2.2832509602294033,2.252163378036763,2.3162149880079705,2.232603264704748,2.2919089250410507,2.2807395242571946,2.3039387213703453,2.2706770140307593,2.294338460816602,2.2812054237820107,2.305102238135849,2.287728446125607,2.2740296961324065,2.2766044818830413,2.30799955934294,2.26233858431735,2.2701279129760685,2.26846996081943,2.319423225435786,2.257229787361583,2.2619549151418874,2.2546300418619483,2.2726817946022435,2.2615707202875943,2.269116661555955,2.257768586958609,2.2679247765145605,2.271019733407437,2.2955877147176027,2.2583748428408787,2.2515155297257623,2.249079402863211,2.2777263345182437,2.264130832791233,2.265616270624938,2.2773327632470375,2.2311123598454783,2.2610918992490903,2.2481735174232926,2.2840191369094787,2.2743197558106414,2.257658880165222,2.250576542433827,2.2534971712174428,2.2887129273157627,2.2964842203345506,2.245780116689028,2.270139085731054,2.259932988997393,2.2272270497586404,2.2692875076702306,2.2521567387517942,2.254486925482588,2.284469530857538,2.2812686212582376,2.259371122105292,2.271770141260395,2.2893141815663363,2.2843371661436507,2.2541315820356385,2.2822141330623356,2.2683081297890615,2.2715442739910765,2.2723976401746793,2.2745585665960224,2.2751915901344213,2.2783259910883893,2.2815368079619103,2.271196900268482,2.2638685945938435,2.2832339702620246,2.273337726845064,2.3042990948253395,2.27538930072537,2.275968053473323,2.2773761423358807,2.28874106559438,2.2996990843903915,2.282417669057203,2.2724913177204686,2.291234577823966,2.2885672285346237,2.2723066670783125,2.2910965042984888,2.2971553010228147,2.289436471575704,2.3073033688617537,2.278407011110116,2.2913750179617813,2.288735901370869,2.3018948166182307,2.3091168525339456,2.2974068438567343,2.2928364597571846,2.2984691444860346,2.295004309312484,2.298454168040236,2.296809973542944,2.2834655091217355,2.2767289143864144,2.2906509234081014,2.285182108568106,2.3005335595877683,2.291692077630361,2.271418748601477,2.2830067506517686,2.310775989101466,2.3236808940166833,2.3105872242728727,2.2858382225280898,2.290432763151275,2.2725225832797813,2.3050649056783667,2.312160142052963,2.309471298573291,2.299033984645493,2.293134428477206,2.3338087292574623,2.322864123777582,2.3129941252399524,2.2884070551855595,2.303034031748527,2.283303418388665,2.3011899233137187,2.3254297900814564,2.303768783906947,2.3054523778663283,2.2945740196547177,2.289402538590904,2.2885318264298555,2.3062787758295196,2.3148711434479483,2.325253514844979,2.3213765099144306,2.2976929786413476,2.2968684450421883,2.311196716037838,2.304788458977738,2.3036917409816944,2.293753831304545,2.3002993773798623,2.3139583646846025,2.3324078887973263,2.3296965003780135,2.3059219316793924,2.323013054081064,2.324170921173006,2.3290505631163883,2.321286798527996,2.3042150377665713,2.318693060744119,2.3344741890192093,2.3143610145060274,2.296040665070201,2.3338421973231767,2.316182515436187,2.352457395797076,2.3076533574881775,2.3241844314891504,2.3099431273601043,2.340192543529136,2.2860603585780277,2.3292323461310103,2.3106733927219163,2.3312666024355564,2.3631409135467982,2.3333872335979207,2.3491831733804847,2.3480887944576465,2.3022074936388663,2.321308952739525,2.34811114493338,2.297958696748359,2.3836200930583438,2.3292575030547686,2.3666335454428946,2.355964793595632,2.3215474868800263,2.3920890453431434,2.2943870138896254,2.3670218205473326,2.401516656712994,2.331190300890358,2.311367605804145,2.322599817292344,2.3077426134094385,2.2906954704531164,2.3194009430205638,2.2286991688045,2.246049091451569,2.212331372720816,2.244139620568969,2.1179061532819974,2.0601385076730514,2.089905111439398,2.0552445052399273,2.0736960026227584,2.1252339564926053,1.9487569901094528,2.184552944055614,1.8091238152144924
